AOECapable,APArmorShardsMod,APCriticalChanceMultiplier,APMaxArmorThickness,AccuracyModifier,AdditionalImpactVFX,AdditionalImpactVFXScaleX,AdditionalImpactVFXScaleY,AdditionalImpactVFXScaleZ,AllowedLocations,AmmoCategory,AttackRecoil,BattleValue,BonusValueA,BonusValueB,CantHitUnaffecedByPathing,Category,ColorChangeRule,ColorsTable,ComponentSubType,ComponentTags.items,ComponentTags.tagSetSourceFile,ComponentType,CriticalChanceMultiplier,CriticalComponent,Custom.BonusDescriptions,Custom.Category,Custom.ComponentExplosion,Custom.Flags,Custom.InventorySorter,Damage,DamageVariance,Description.Cost,Description.Details,Description.Icon,Description.Id,Description.Manufacturer,Description.Model,Description.Name,Description.Purchasable,Description.Rarity,Description.UIName,DisallowedLocations,EvasiveDamageMultiplier,EvasivePipsIgnored,HeatDamage,HeatGenerated,ImprovedBallistic,IndirectFireCapable,Instability,InventorySize,MaxRange,MinRange,OverheatedDamageMultiplier,PrefabIdentifier,ProjectileScale.x,ProjectileScale.y,ProjectileScale.z,ProjectilesPerShot,RangeSplit,RefireModifier,ShotsWhenFired,StartingAmmoCapacity,Tonnage,Type,WeaponEffectID,WeaponSubType,statusEffects,weaponCategoryID,VolleyDivisor,ammoCategoryID,AOEDamage,AOEEffectsFalloff,AOEHeatDamage,AOEInstability,AOERange,Modes,ClearMineFieldRadius,AlternateDamageCalc,FireDelayMultiplier,FireTerrainChance,BallisticDamagePerPallet,DamageNotDivided,DisableClustering,DistantVariance,DistantVarianceReversed,StatusEffectsPerHit,isDamageVariation,isHeatVariation,isStabilityVariation,AbsoluteModifier,Custom.MechConfiguration,RelativeModifier,StatName,FlatJammingChance,GunneryJammingBase,GunneryJammingMult,evasivePipsMods.AccuracyModifier,evasivePipsMods.RefireModifier,Custom.HandHeld
false,0.2,0.013,6.5,0,WFX_SPlasma,1,1,1,All,NotSet,3,0,1 Evasion Ignore,No Recoil,true,AntiPersonnel,t0,"[{""C"":""#B0E0E6"",""I"":5}]",Weapon,"[""OmniRestriction.{location}"",""component_type_stock"",""range_standard"",""wr-jammable_weapon"",""wr-damage_when_jam"",""wr-jam_chance_multiplier-5"",""BLACKLISTED""]",,Weapon,0.5,false,"{""Bonuses"":[""Haywire"",""ImpMove: 60%"",""ImpAccuracy: -3"",""ImpHeatSink: -80%"",""WpnRecoil: 5"",""Explodium: 5"",""WeaponBoom: 50"",""NoAA""]}","[{""CategoryID"":""w/s/m/energy""}]","{""ExplosionDamage"":50,""HeatDamage"":50,""StabilityDamage"":50}","{""flags"":[""not_broken"",""autorepair"",""no_salvage""]}","{""SortKey"":""02013""}",5,0,5000000,"The Tight Stream Electro Magnetic Pulse Cannon is a directed energy weapon based on the Taser system, but doesn't require the cabling and capacitors. This version was specifically tailored for close quarters combat. 
<b><color=#ffcc00>Fires in melee.</color></b> ",PPC,Weapon_PPC_TSEMP_Damios,Damios,TSEMP Cannon,TSEMP Damios,true,99,TSEMP Cannon,All,0,1,25,30,true,false,10,5,280,0,0,PPC,0.7,0.7,1.2,1,"[60,120,240]",5,1,0,6,PPC,WeaponEffect-Weapon_PPC,PPCER,"[{""Description"":{""Details"":""The Mech's Systems have been scrambled."",""Icon"":""uixSvgIcon_shipUpgrade_power2"",""Id"":""TSEMP-Effect"",""Name"":""TSEMP""},""actorBurningData"":null,""durationData"":{""clearedWhenAttacked"":false,""duration"":2,""stackLimit"":6,""ticksOnActivations"":true,""ticksOnEndOfRound"":false,""ticksOnMovements"":false,""useActivationsOfTarget"":true},""effectType"":""StatisticEffect"",""floatieData"":null,""instantModData"":null,""nature"":""Debuff"",""poorlyMaintainedEffectData"":null,""statisticData"":{""additionalRules"":""NotSet"",""appliesEachTick"":false,""effectsPersistAfterDestruction"":false,""modType"":""System.Single"",""modValue"":""3.0"",""operation"":""Float_Add"",""statName"":""AccuracyModifier"",""targetAmmoCategory"":""NotSet"",""targetCollection"":""NotSet"",""targetWeaponCategory"":""NotSet"",""targetWeaponSubType"":""NotSet"",""targetWeaponType"":""NotSet""},""tagData"":null,""targetingData"":{""effectTargetType"":""NotSet"",""effectTriggerType"":""OnHit"",""extendDurationOnTrigger"":0,""forcePathRebuild"":false,""forceVisRebuild"":false,""range"":0,""showInStatusPanel"":true,""showInTargetPreview"":false,""specialRules"":""NotSet"",""triggerLimit"":0},""vfxData"":null},{""Description"":{""Details"":""The Mech's Movement is reduced."",""Icon"":""uixSvgIcon_status_sensorsImpaired"",""Id"":""TSEMP-Effect1"",""Name"":""Walk Impaired""},""actorBurningData"":null,""durationData"":{""clearedWhenAttacked"":false,""duration"":2,""stackLimit"":6,""ticksOnActivations"":true,""ticksOnEndOfRound"":false,""ticksOnMovements"":false,""useActivationsOfTarget"":true},""effectType"":""StatisticEffect"",""floatieData"":null,""instantModData"":null,""nature"":""Debuff"",""poorlyMaintainedEffectData"":null,""statisticData"":{""additionalRules"":""NotSet"",""appliesEachTick"":false,""effectsPersistAfterDestruction"":false,""modType"":""System.Single"",""modValue"":""0.4"",""operation"":""Float_Multiply"",""statName"":""WalkSpeed"",""targetAmmoCategory"":""NotSet"",""targetCollection"":""NotSet"",""targetWeaponCategory"":""NotSet"",""targetWeaponSubType"":""NotSet"",""targetWeaponType"":""NotSet""},""tagData"":null,""targetingData"":{""effectTargetType"":""NotSet"",""effectTriggerType"":""OnHit"",""extendDurationOnTrigger"":0,""forcePathRebuild"":false,""forceVisRebuild"":false,""range"":0,""showInStatusPanel"":false,""showInTargetPreview"":false,""specialRules"":""NotSet"",""triggerLimit"":0},""vfxData"":null},{""Description"":{""Details"":""The Mech's cooling is impaired."",""Icon"":""uixSvgIcon_status_sensorsImpaired"",""Id"":""TSEMP-Effect3"",""Name"":""Cooling Impaired""},""actorBurningData"":null,""durationData"":{""clearedWhenAttacked"":false,""duration"":2,""stackLimit"":6,""ticksOnActivations"":true,""ticksOnEndOfRound"":false,""ticksOnMovements"":false,""useActivationsOfTarget"":true},""effectType"":""StatisticEffect"",""floatieData"":null,""instantModData"":null,""nature"":""Debuff"",""poorlyMaintainedEffectData"":null,""statisticData"":{""additionalRules"":""NotSet"",""appliesEachTick"":false,""effectsPersistAfterDestruction"":false,""modType"":""System.Single"",""modValue"":""1.8"",""operation"":""Float_Multiply"",""statName"":""HeatGenerated"",""targetAmmoCategory"":""NotSet"",""targetCollection"":""Weapon"",""targetWeaponCategory"":""NotSet"",""targetWeaponSubType"":""NotSet"",""targetWeaponType"":""NotSet""},""tagData"":null,""targetingData"":{""effectTargetType"":""SingleTarget"",""effectTriggerType"":""OnHit"",""extendDurationOnTrigger"":0,""forcePathRebuild"":false,""forceVisRebuild"":false,""range"":0,""showInStatusPanel"":false,""showInTargetPreview"":false,""specialRules"":""NotSet"",""triggerLimit"":0},""vfxData"":null}]",BattleArmor,,,,,,,,,,,,,,,,,,,,,,,,,,,,,,,
false,,,,0,,,,,All,,1,,,,,Energy,,,Weapon,"[""component_type_stock"",""range_standard"",""component_type_lostech"",""BLACKLISTED""]",,Weapon,1,false,,,,,,15,0,260000,"A unique modification of a standard Particle Projector Cannon, the Snub PPC utilizes the same energy acceleration, but with a shortened range and a cluster of smaller projectiles. Like the standard model, Snub PPC shots impart a debilitating EM effect that degrades the firing capability of their target.",uixSvgIcon_weapon_Energy,Weapon_PPC_PPCSnub_0-STOCK,Fusigon,Particle Cluster Cannon,Snub PPC,true,99,Snub PPC,All,0,0,0,35,,false,5,2,360,0,0,PPC,,,,1,"[270,270,360]",1,5,0,6,PPC,WeaponEffect-Weapon_PPCSnub,PPCSnub,"[{""Description"":{""Details"":""+[AMT] Difficulty to all of this unit's attacks until its next activation."",""Icon"":""uixSvgIcon_status_sensorsImpaired"",""Id"":""AbilityDefPPC"",""Name"":""SENSORS IMPAIRED""},""actorBurningData"":null,""durationData"":{""clearedWhenAttacked"":false,""duration"":1,""stackLimit"":0,""ticksOnActivations"":true,""ticksOnEndOfRound"":false,""ticksOnMovements"":false,""useActivationsOfTarget"":true},""effectType"":""StatisticEffect"",""floatieData"":null,""instantModData"":null,""nature"":""Debuff"",""poorlyMaintainedEffectData"":null,""statisticData"":{""additionalRules"":""NotSet"",""appliesEachTick"":false,""effectsPersistAfterDestruction"":false,""modType"":""System.Single"",""modValue"":""1.0"",""operation"":""Float_Add"",""statName"":""AccuracyModifier"",""targetAmmoCategory"":""NotSet"",""targetCollection"":""NotSet"",""targetWeaponCategory"":""NotSet"",""targetWeaponSubType"":""NotSet"",""targetWeaponType"":""NotSet""},""tagData"":null,""targetingData"":{""effectTargetType"":""NotSet"",""effectTriggerType"":""OnHit"",""extendDurationOnTrigger"":0,""forcePathRebuild"":false,""forceVisRebuild"":false,""range"":0,""showInStatusPanel"":true,""showInTargetPreview"":true,""specialRules"":""NotSet"",""triggerLimit"":0},""vfxData"":null}]",,1,NotSet,,,,,,,,,,,,,,,,,,,,,,,,,,,,,
false,,,,0,,,,,All,,1,,+ 5 Stb.Dmg.,,,Energy,,,Weapon,"[""component_type_variant"",""component_type_variant1"",""range_standard"",""BLACKLISTED""]",,Weapon,1,false,,,,,,15,0,300000,"A unique modification of a standard Particle Projector Cannon, the Snub PPC utilizes the same energy acceleration, but with a shortened range and a cluster of smaller projectiles. Like the standard model, Snub PPC shots impart a debilitating EM effect that degrades the firing capability of their target.",uixSvgIcon_weapon_Energy,Weapon_PPC_PPCSnub_1-Ceres_Arms,Ceres Arms,Particle Cluster Cannon,Snub PPC +,true,99,Snub PPC +,All,0,0,0,35,,false,10,2,360,0,0,PPC,,,,1,"[270,270,360]",1,5,0,6,PPC,WeaponEffect-Weapon_PPCSnub,PPCSnub,"[{""Description"":{""Details"":""+[AMT] Difficulty to all of this unit's attacks until its next activation."",""Icon"":""uixSvgIcon_status_sensorsImpaired"",""Id"":""AbilityDefPPC"",""Name"":""SENSORS IMPAIRED""},""actorBurningData"":null,""durationData"":{""clearedWhenAttacked"":false,""duration"":1,""stackLimit"":0,""ticksOnActivations"":true,""ticksOnEndOfRound"":false,""ticksOnMovements"":false,""useActivationsOfTarget"":true},""effectType"":""StatisticEffect"",""floatieData"":null,""instantModData"":null,""nature"":""Debuff"",""poorlyMaintainedEffectData"":null,""statisticData"":{""additionalRules"":""NotSet"",""appliesEachTick"":false,""effectsPersistAfterDestruction"":false,""modType"":""System.Single"",""modValue"":""1.0"",""operation"":""Float_Add"",""statName"":""AccuracyModifier"",""targetAmmoCategory"":""NotSet"",""targetCollection"":""NotSet"",""targetWeaponCategory"":""NotSet"",""targetWeaponSubType"":""NotSet"",""targetWeaponType"":""NotSet""},""tagData"":null,""targetingData"":{""effectTargetType"":""NotSet"",""effectTriggerType"":""OnHit"",""extendDurationOnTrigger"":0,""forcePathRebuild"":false,""forceVisRebuild"":false,""range"":0,""showInStatusPanel"":true,""showInTargetPreview"":true,""specialRules"":""NotSet"",""triggerLimit"":0},""vfxData"":null}]",,1,NotSet,,,,,,,,,,,,,,,,,,,,,,,,,,,,,
false,,,,0,,,,,All,,1,,+ 5 Dmg.,,,Energy,,,Weapon,"[""component_type_variant"",""component_type_variant1"",""range_standard"",""BLACKLISTED""]",,Weapon,1,false,,,,,,20,0,330000,"A unique modification of a standard Particle Projector Cannon, the Snub PPC utilizes the same energy acceleration, but with a shortened range and a cluster of smaller projectiles. Like the standard model, Snub PPC shots impart a debilitating EM effect that degrades the firing capability of their target.",uixSvgIcon_weapon_Energy,Weapon_PPC_PPCSnub_1-Donal,Donal,Particle Cluster Cannon,Snub PPC +,true,99,Snub PPC +,All,0,0,0,35,,false,5,2,360,0,0,PPC,,,,1,"[270,270,360]",1,5,0,6,PPC,WeaponEffect-Weapon_PPCSnub,PPCSnub,"[{""Description"":{""Details"":""+[AMT] Difficulty to all of this unit's attacks until its next activation."",""Icon"":""uixSvgIcon_status_sensorsImpaired"",""Id"":""AbilityDefPPC"",""Name"":""SENSORS IMPAIRED""},""actorBurningData"":null,""durationData"":{""clearedWhenAttacked"":false,""duration"":1,""stackLimit"":0,""ticksOnActivations"":true,""ticksOnEndOfRound"":false,""ticksOnMovements"":false,""useActivationsOfTarget"":true},""effectType"":""StatisticEffect"",""floatieData"":null,""instantModData"":null,""nature"":""Debuff"",""poorlyMaintainedEffectData"":null,""statisticData"":{""additionalRules"":""NotSet"",""appliesEachTick"":false,""effectsPersistAfterDestruction"":false,""modType"":""System.Single"",""modValue"":""1.0"",""operation"":""Float_Add"",""statName"":""AccuracyModifier"",""targetAmmoCategory"":""NotSet"",""targetCollection"":""NotSet"",""targetWeaponCategory"":""NotSet"",""targetWeaponSubType"":""NotSet"",""targetWeaponType"":""NotSet""},""tagData"":null,""targetingData"":{""effectTargetType"":""NotSet"",""effectTriggerType"":""OnHit"",""extendDurationOnTrigger"":0,""forcePathRebuild"":false,""forceVisRebuild"":false,""range"":0,""showInStatusPanel"":true,""showInTargetPreview"":true,""specialRules"":""NotSet"",""triggerLimit"":0},""vfxData"":null}]",,1,NotSet,,,,,,,,,,,,,,,,,,,,,,,,,,,,,
false,,,,0,,,,,All,,1,,- 5 Heat,,,Energy,,,Weapon,"[""component_type_variant"",""component_type_variant1"",""range_standard"",""BLACKLISTED""]",,Weapon,1,false,,,,,,15,0,340000,"A unique modification of a standard Particle Projector Cannon, the Snub PPC utilizes the same energy acceleration, but with a shortened range and a cluster of smaller projectiles. Like the standard model, Snub PPC shots impart a debilitating EM effect that degrades the firing capability of their target.",uixSvgIcon_weapon_Energy,Weapon_PPC_PPCSnub_1-Magna,Magna,Particle Cluster Cannon,Snub PPC +,true,99,Snub PPC +,All,0,0,0,30,,false,5,2,360,0,0,PPC,,,,1,"[270,270,360]",1,5,0,6,PPC,WeaponEffect-Weapon_PPCSnub,PPCSnub,"[{""Description"":{""Details"":""+[AMT] Difficulty to all of this unit's attacks until its next activation."",""Icon"":""uixSvgIcon_status_sensorsImpaired"",""Id"":""AbilityDefPPC"",""Name"":""SENSORS IMPAIRED""},""actorBurningData"":null,""durationData"":{""clearedWhenAttacked"":false,""duration"":1,""stackLimit"":0,""ticksOnActivations"":true,""ticksOnEndOfRound"":false,""ticksOnMovements"":false,""useActivationsOfTarget"":true},""effectType"":""StatisticEffect"",""floatieData"":null,""instantModData"":null,""nature"":""Debuff"",""poorlyMaintainedEffectData"":null,""statisticData"":{""additionalRules"":""NotSet"",""appliesEachTick"":false,""effectsPersistAfterDestruction"":false,""modType"":""System.Single"",""modValue"":""1.0"",""operation"":""Float_Add"",""statName"":""AccuracyModifier"",""targetAmmoCategory"":""NotSet"",""targetCollection"":""NotSet"",""targetWeaponCategory"":""NotSet"",""targetWeaponSubType"":""NotSet"",""targetWeaponType"":""NotSet""},""tagData"":null,""targetingData"":{""effectTargetType"":""NotSet"",""effectTriggerType"":""OnHit"",""extendDurationOnTrigger"":0,""forcePathRebuild"":false,""forceVisRebuild"":false,""range"":0,""showInStatusPanel"":true,""showInTargetPreview"":true,""specialRules"":""NotSet"",""triggerLimit"":0},""vfxData"":null}]",,1,NotSet,,,,,,,,,,,,,,,,,,,,,,,,,,,,,
false,,,,0,,,,,All,,1,,+ 10 Stb.Dmg.,,,Energy,,,Weapon,"[""component_type_variant"",""component_type_variant2"",""range_standard"",""BLACKLISTED""]",,Weapon,1,false,,,,,,15,0,340000,"A unique modification of a standard Particle Projector Cannon, the Snub PPC utilizes the same energy acceleration, but with a shortened range and a cluster of smaller projectiles. Like the standard model, Snub PPC shots impart a debilitating EM effect that degrades the firing capability of their target.",uixSvgIcon_weapon_Energy,Weapon_PPC_PPCSnub_2-Ceres_Arms,Ceres Arms,Particle Cluster Cannon,Snub PPC + +,true,99,Snub PPC + +,All,0,0,0,35,,false,15,2,360,0,0,PPC,,,,1,"[270,270,360]",1,5,0,6,PPC,WeaponEffect-Weapon_PPCSnub,PPCSnub,"[{""Description"":{""Details"":""+[AMT] Difficulty to all of this unit's attacks until its next activation."",""Icon"":""uixSvgIcon_status_sensorsImpaired"",""Id"":""AbilityDefPPC"",""Name"":""SENSORS IMPAIRED""},""actorBurningData"":null,""durationData"":{""clearedWhenAttacked"":false,""duration"":1,""stackLimit"":0,""ticksOnActivations"":true,""ticksOnEndOfRound"":false,""ticksOnMovements"":false,""useActivationsOfTarget"":true},""effectType"":""StatisticEffect"",""floatieData"":null,""instantModData"":null,""nature"":""Debuff"",""poorlyMaintainedEffectData"":null,""statisticData"":{""additionalRules"":""NotSet"",""appliesEachTick"":false,""effectsPersistAfterDestruction"":false,""modType"":""System.Single"",""modValue"":""1.0"",""operation"":""Float_Add"",""statName"":""AccuracyModifier"",""targetAmmoCategory"":""NotSet"",""targetCollection"":""NotSet"",""targetWeaponCategory"":""NotSet"",""targetWeaponSubType"":""NotSet"",""targetWeaponType"":""NotSet""},""tagData"":null,""targetingData"":{""effectTargetType"":""NotSet"",""effectTriggerType"":""OnHit"",""extendDurationOnTrigger"":0,""forcePathRebuild"":false,""forceVisRebuild"":false,""range"":0,""showInStatusPanel"":true,""showInTargetPreview"":true,""specialRules"":""NotSet"",""triggerLimit"":0},""vfxData"":null}]",,1,NotSet,,,,,,,,,,,,,,,,,,,,,,,,,,,,,
false,,,,0,,,,,All,,1,,+ 10 Dmg.,,,Energy,,,Weapon,"[""component_type_variant"",""component_type_variant2"",""range_standard"",""BLACKLISTED""]",,Weapon,1,false,,,,,,25,0,400000,"A unique modification of a standard Particle Projector Cannon, the Snub PPC utilizes the same energy acceleration, but with a shortened range and a cluster of smaller projectiles. Like the standard model, Snub PPC shots impart a debilitating EM effect that degrades the firing capability of their target.",uixSvgIcon_weapon_Energy,Weapon_PPC_PPCSnub_2-Donal,Donal,Particle Cluster Cannon,Snub PPC + +,true,99,Snub PPC + +,All,0,0,0,35,,false,5,2,360,0,0,PPC,,,,1,"[270,270,360]",1,5,0,6,PPC,WeaponEffect-Weapon_PPCSnub,PPCSnub,"[{""Description"":{""Details"":""+[AMT] Difficulty to all of this unit's attacks until its next activation."",""Icon"":""uixSvgIcon_status_sensorsImpaired"",""Id"":""AbilityDefPPC"",""Name"":""SENSORS IMPAIRED""},""actorBurningData"":null,""durationData"":{""clearedWhenAttacked"":false,""duration"":1,""stackLimit"":0,""ticksOnActivations"":true,""ticksOnEndOfRound"":false,""ticksOnMovements"":false,""useActivationsOfTarget"":true},""effectType"":""StatisticEffect"",""floatieData"":null,""instantModData"":null,""nature"":""Debuff"",""poorlyMaintainedEffectData"":null,""statisticData"":{""additionalRules"":""NotSet"",""appliesEachTick"":false,""effectsPersistAfterDestruction"":false,""modType"":""System.Single"",""modValue"":""1.0"",""operation"":""Float_Add"",""statName"":""AccuracyModifier"",""targetAmmoCategory"":""NotSet"",""targetCollection"":""NotSet"",""targetWeaponCategory"":""NotSet"",""targetWeaponSubType"":""NotSet"",""targetWeaponType"":""NotSet""},""tagData"":null,""targetingData"":{""effectTargetType"":""NotSet"",""effectTriggerType"":""OnHit"",""extendDurationOnTrigger"":0,""forcePathRebuild"":false,""forceVisRebuild"":false,""range"":0,""showInStatusPanel"":true,""showInTargetPreview"":true,""specialRules"":""NotSet"",""triggerLimit"":0},""vfxData"":null}]",,1,NotSet,,,,,,,,,,,,,,,,,,,,,,,,,,,,,
false,,,,0,,,,,All,,1,,- 10 Heat,,,Energy,,,Weapon,"[""component_type_variant"",""component_type_variant2"",""range_standard"",""BLACKLISTED""]",,Weapon,1,false,,,,,,15,0,430000,"A unique modification of a standard Particle Projector Cannon, the Snub PPC utilizes the same energy acceleration, but with a shortened range and a cluster of smaller projectiles. Like the standard model, Snub PPC shots impart a debilitating EM effect that degrades the firing capability of their target.",uixSvgIcon_weapon_Energy,Weapon_PPC_PPCSnub_2-Magna,Magna,Particle Cluster Cannon,Snub PPC + +,true,99,Snub PPC + +,All,0,0,0,25,,false,5,2,360,0,0,PPC,,,,1,"[270,270,360]",1,5,0,6,PPC,WeaponEffect-Weapon_PPCSnub,PPCSnub,"[{""Description"":{""Details"":""+[AMT] Difficulty to all of this unit's attacks until its next activation."",""Icon"":""uixSvgIcon_status_sensorsImpaired"",""Id"":""AbilityDefPPC"",""Name"":""SENSORS IMPAIRED""},""actorBurningData"":null,""durationData"":{""clearedWhenAttacked"":false,""duration"":1,""stackLimit"":0,""ticksOnActivations"":true,""ticksOnEndOfRound"":false,""ticksOnMovements"":false,""useActivationsOfTarget"":true},""effectType"":""StatisticEffect"",""floatieData"":null,""instantModData"":null,""nature"":""Debuff"",""poorlyMaintainedEffectData"":null,""statisticData"":{""additionalRules"":""NotSet"",""appliesEachTick"":false,""effectsPersistAfterDestruction"":false,""modType"":""System.Single"",""modValue"":""1.0"",""operation"":""Float_Add"",""statName"":""AccuracyModifier"",""targetAmmoCategory"":""NotSet"",""targetCollection"":""NotSet"",""targetWeaponCategory"":""NotSet"",""targetWeaponSubType"":""NotSet"",""targetWeaponType"":""NotSet""},""tagData"":null,""targetingData"":{""effectTargetType"":""NotSet"",""effectTriggerType"":""OnHit"",""extendDurationOnTrigger"":0,""forcePathRebuild"":false,""forceVisRebuild"":false,""range"":0,""showInStatusPanel"":true,""showInTargetPreview"":true,""specialRules"":""NotSet"",""triggerLimit"":0},""vfxData"":null}]",,1,NotSet,,,,,,,,,,,,,,,,,,,,,,,,,,,,,
true,0.3,0.5,260,1,,,,,All,NotSet,4,0,,,,Energy,,,Weapon,"[""OmniRestriction.{location}"",""component_type_stock"",""range_extreme""]",,Weapon,1,false,"{""Bonuses"":[""PPCDEBUFF: 2"",""AreaOfEffect: 120"",""AreaOfEffectDmg: 10"",""AreaOfEffectHeatDmg: 10"",""VariableDmg: 20"",""WeaponBoom: 100""]}","[{""CategoryID"":""w/e/p/hppc""}]","{""ExplosionDamage"":100,""StabilityDamage"":50}",,"{""SortKey"":""02014""}",200,20,2000000,"It's a gigantic PPC. The EMP Field is generates is massive affecting units near the target, disrupting myomer and sensor systems. It's hard to focus it on nearby targets due to the large minimum range in safe mode. 

 <b><color=#00ffff>Left Click on Chance to Hit during battle to toggle the Field Inhibitor.  (FIOFF) Has no minimum range penalty and does full damage at close range, but is very likely to fry the weapon. 

 Boosted Mode greatly increases range and damage at the cost of heat and requiring a cooldown period.</color> </b>",PPC,Weapon_PPC_PPC_SILLY,Parti-Kill,M1,ULN PPC,true,10,Ultra-Light Naval PPC,All,0,1,0,100,true,false,40,12,1111,270,0,PPC,1.25,1.25,1.25,1,"[360,510,750]",0,1,0,20,PPC,WeaponEffect-Weapon_PPC,PPC,"[{""Description"":{""Details"":""EM Interference reduces sensor efficiency."",""Icon"":""uixSvgIcon_status_sensorsImpaired"",""Id"":""AbilityDefPPC"",""Name"":""SENSORS IMPAIRED""},""durationData"":{""clearedWhenAttacked"":false,""duration"":2,""stackLimit"":-1,""ticksOnActivations"":true,""ticksOnEndOfRound"":false,""ticksOnMovements"":false,""useActivationsOfTarget"":true},""effectType"":""StatisticEffect"",""nature"":""Debuff"",""statisticData"":{""modType"":""System.Int32"",""modValue"":""2"",""operation"":""Int_Add"",""statName"":""LV_ECM_JAMMED""},""targetingData"":{""effectTargetType"":""NotSet"",""effectTriggerType"":""OnHit"",""extendDurationOnTrigger"":0,""forcePathRebuild"":false,""forceVisRebuild"":false,""range"":0,""showInStatusPanel"":true,""showInTargetPreview"":false,""specialRules"":""NotSet"",""triggerLimit"":0}},{""Description"":{""Details"":""The Mech's Movement is reduced."",""Icon"":""uixSvgIcon_status_sensorsImpaired"",""Id"":""HAYWIRE-Effect1"",""Name"":""HAYWIRED""},""actorBurningData"":null,""durationData"":{""clearedWhenAttacked"":false,""duration"":2,""stackLimit"":-1,""ticksOnActivations"":true,""ticksOnEndOfRound"":false,""ticksOnMovements"":false,""useActivationsOfTarget"":true},""effectType"":""StatisticEffect"",""floatieData"":null,""instantModData"":null,""nature"":""Debuff"",""poorlyMaintainedEffectData"":null,""statisticData"":{""additionalRules"":""NotSet"",""appliesEachTick"":false,""effectsPersistAfterDestruction"":false,""modType"":""System.Single"",""modValue"":""0.9"",""operation"":""Float_Multiply"",""statName"":""WalkSpeed"",""targetAmmoCategory"":""NotSet"",""targetCollection"":""NotSet"",""targetWeaponCategory"":""NotSet"",""targetWeaponSubType"":""NotSet"",""targetWeaponType"":""NotSet""},""tagData"":null,""targetingData"":{""effectTargetType"":""NotSet"",""effectTriggerType"":""OnHit"",""extendDurationOnTrigger"":0,""forcePathRebuild"":false,""forceVisRebuild"":false,""range"":0,""showInStatusPanel"":false,""showInTargetPreview"":false,""specialRules"":""NotSet"",""triggerLimit"":0},""vfxData"":null},{""Description"":{""Details"":""All weapons +6 Recoil."",""Icon"":""uixSvgIcon_equipment_TTS"",""Id"":""StatusEffect-Attack_PPCSILLY_Recoil"",""Name"":""TWITCHING MYOMER""},""durationData"":{""clearedWhenAttacked"":false,""duration"":2,""stackLimit"":-1,""ticksOnActivations"":true,""ticksOnEndOfRound"":false,""ticksOnMovements"":false,""useActivationsOfTarget"":true},""effectType"":""StatisticEffect"",""nature"":""Buff"",""statisticData"":{""modType"":""System.Int32"",""modValue"":""5"",""operation"":""Int_Add"",""statName"":""RefireModifier"",""targetCollection"":""Weapon""},""targetingData"":{""effectTargetType"":""Creator"",""effectTriggerType"":""Passive"",""showInStatusPanel"":true}}]",,,,10,true,10,10,120,"[{""DamageOnJamming"":false,""Id"":""FION"",""UIName"":""FION"",""isBaseMode"":true},{""AOEDamage"":5,""AOEHeatDamage"":5,""AOEInstability"":5,""AccuracyModifier"":4,""DamageOnJamming"":true,""DamageVariance"":20,""DistantVariance"":0.25,""DistantVarianceReversed"":false,""EvasivePipsIgnored"":2,""FlatJammingChance"":0.75,""GunneryJammingBase"":4,""GunneryJammingMult"":0.075,""HeatGenerated"":10,""Id"":""FIOFF"",""Instability"":10,""MinRange"":-270,""ProjectileScale"":{""x"":1.5,""y"":1.5,""z"":1.5},""RefireModifier"":4,""UIName"":""FIOFF"",""isBaseMode"":false},{""APMaxArmorThickness"":130,""Cooldown"":2,""DamagePerShot"":100,""DamageVariance"":10,""DistantVariance"":0.6,""HeatGenerated"":50,""Id"":""Boosted"",""Instability"":20,""MinRange"":120,""ShortRange"":120,""UIName"":""Boosted"",""isBaseMode"":false}]",,,,,,,,,,,,,,,,,,,,,,,
false,0.2,0.15,78,0,,,,,All,NotSet,3,412,,,,Energy,,,Weapon,"[""OmniRestriction.{location}"",""component_type_stock"",""range_very-long""]",,Weapon,1,false,"{""Bonuses"":[""PPCDEBUFF: 1"",""WpnRecoil: 1"",""MineClearanceBoom: 1""]}","[{""CategoryID"":""w/e/p/erppc""}]",,,"{""SortKey"":""02015""}",60,0,1393000,"An improvement upon standard PPCs, Extended-Range PPCs greatly extend their effective range at the cost of incredible heat generation. ER PPCs also generate a mild EM field that degrades the firing capability of their target.",PPC,Weapon_PPC_PPCER_CLAN,CLAN,Extended-Range PPC,ER PPC (C),true,10,ER PPC (C),All,0,0,0,45,,false,12,2,840,0,0,PPC,,,,1,"[210,420,690]",1,1,0,6,PPC,WeaponEffect-Weapon_PPC,PPC,"[{""Description"":{""Details"":""EM Interference reduces sensor efficiency."",""Icon"":""uixSvgIcon_status_sensorsImpaired"",""Id"":""AbilityDefPPC"",""Name"":""SENSORS IMPAIRED""},""durationData"":{""clearedWhenAttacked"":false,""duration"":2,""stackLimit"":-1,""ticksOnActivations"":true,""ticksOnEndOfRound"":false,""ticksOnMovements"":false,""useActivationsOfTarget"":true},""effectType"":""StatisticEffect"",""nature"":""Debuff"",""statisticData"":{""modType"":""System.Int32"",""modValue"":""1"",""operation"":""Int_Add"",""statName"":""LV_ECM_JAMMED""},""targetingData"":{""effectTargetType"":""NotSet"",""effectTriggerType"":""OnHit"",""extendDurationOnTrigger"":0,""forcePathRebuild"":false,""forceVisRebuild"":false,""range"":0,""showInStatusPanel"":true,""showInTargetPreview"":false,""specialRules"":""NotSet"",""triggerLimit"":0}}]",,,,,,,,,,8,,,,,,,,,,,,,,,,,,,,,,
false,0.2,0.075,39,0,,,,,All,NotSet,3,119,1 Evasion Ignore,No Recoil,,Energy,t0,"[{""C"":""#8A2BE2"",""I"":5}]",Weapon,"[""OmniRestriction.{location}"",""component_type_stock"",""range_long"",""PiratePPCCap""]",,Weapon,1,false,"{""Bonuses"":[""ModesCanMisfire"",""PPCDEBUFF: 1"",""WpnRecoil: 0"",""WeaponBoom: 40"",""PiratePPCCap"",""MineClearanceBoom: 1""]}","[{""CategoryID"":""w/e/p/lppc""}]","{""ExplosionDamage"":40,""StabilityDamage"":20}","{""flags"":[""not_broken"",""not_destroyed""]}","{""SortKey"":""02013""}",30,0,780000,"Yeah Boss, this is still a Light PPC, and yes that's parts of an capacitor where the shielding should be, but somehow this helps the Particle Charge actually grow the further it travels. Would be a stroke of Genius if that focusing lens could be remotely calibrated. 

 <b><color=#00ffff>Can Toggle Between Rapid Fire or Overcharging the Capacitator, exchanging Reliability for Additional Shots or Damage</color> </b> 

 <b><color=#00ffff>Left Click on Chance to hit during battle to switch firing mode</color> </b>",PPC,Weapon_PPC_PIRATE_LIGHT,Perkele,THUNDABOLT!,LPPC,true,4,Light PPC+CAP (P),All,0,0,0,22,true,false,6,2,720,90,0,PPC,,,,1,"[180,360,540]",0,1,0,4,PPC,WeaponEffect-Weapon_PPC,PPCER,"[{""Description"":{""Details"":""EM Interference reduces sensor efficiency."",""Icon"":""uixSvgIcon_status_sensorsImpaired"",""Id"":""AbilityDefPPC"",""Name"":""SENSORS IMPAIRED""},""durationData"":{""clearedWhenAttacked"":false,""duration"":2,""stackLimit"":-1,""ticksOnActivations"":true,""ticksOnEndOfRound"":false,""ticksOnMovements"":false,""useActivationsOfTarget"":true},""effectType"":""StatisticEffect"",""nature"":""Debuff"",""statisticData"":{""modType"":""System.Int32"",""modValue"":""1"",""operation"":""Int_Add"",""statName"":""LV_ECM_JAMMED""},""targetingData"":{""effectTargetType"":""NotSet"",""effectTriggerType"":""OnHit"",""extendDurationOnTrigger"":0,""forcePathRebuild"":false,""forceVisRebuild"":false,""range"":0,""showInStatusPanel"":true,""showInTargetPreview"":false,""specialRules"":""NotSet"",""triggerLimit"":0}}]",,,,,,,,,"[{""DistantVariance"":0.75,""DistantVarianceReversed"":true,""Id"":""Std"",""UIName"":""STD"",""isBaseMode"":true},{""AccuracyModifier"":-1,""DamageOnJamming"":true,""DamagePerShot"":-14,""EvasivePipsIgnored"":1,""FireDelayMultiplier"":0.1,""FlatJammingChance"":0.15,""GunneryJammingBase"":5,""GunneryJammingMult"":0.02,""HeatGenerated"":10,""Id"":""RapidFire"",""LongRange"":-140,""MaxRange"":-260,""MiddleRange"":-80,""MinRange"":-90,""ShortRange"":-30,""ShotsWhenFired"":2,""UIName"":""RF"",""isBaseMode"":false},{""DamageOnJamming"":true,""DamagePerShot"":15,""DistantVariance"":0.75,""FireTerrainChance"":0.0875,""FlatJammingChance"":0.15,""GunneryJammingBase"":5,""GunneryJammingMult"":0.02,""HeatGenerated"":8,""Id"":""OverCharge"",""Instability"":4,""LongRange"":30,""MaxRange"":30,""MiddleRange"":30,""ShortRange"":30,""UIName"":""DMG"",""isBaseMode"":false}]",8,true,0.1,0.0875,,,,,,,,,,,,,,,,,,,
false,0.2,0.163,84.5,1,,,,,All,NotSet,3,149,Damage Falloff,,,Energy,t0,"[{""C"":""#66CDAA"",""I"":5}]",Weapon,"[""OmniRestriction.{location}"",""component_type_stock"",""wr-jammable_weapon"",""wr-damage_when_jam"",""wr-jam_chance_multiplier-10"",""range_very-long""]",,Weapon,1,false,"{""Bonuses"":[""PPCDEBUFF: 1"",""WpnRecoil: 3"",""WpnAccuracy: -1"",""DmgFallOff: 35%"",""Explodium: 10%"",""WeaponBoom: 70""]}","[{""CategoryID"":""w/e/p/snppc""}]","{""ExplosionDamage"":70,""StabilityDamage"":35}","{""flags"":[""not_broken"",""not_destroyed""]}","{""SortKey"":""02012""}",15,0,780000,"The Snub-Nose PPC is to a Particle Projector Cannon as a sawed-off is to a shotgun. And in typical periphery fashion they thought to improve it further by removing the EM Shielding, interfering with the 'Mech's Systems and spreading the shot out.... <b><color=#099ff2>VOLATILE!</color></b>",PPC,Weapon_PPC_PIRATE_SNUBNOSE,Devils's Light,SN Particle Projector Cannon,Snub-Nose-PPC,true,5,SnubNose PPC (P),All,0,0,0,30,true,false,8,3,550,0,0,PPC,,,,5,"[300,360,490]",3,1,0,5,PPC,WeaponEffect-Weapon_PPCSnub,PPC,"[{""Description"":{""Details"":""EM Interference reduces sensor efficiency."",""Icon"":""uixSvgIcon_status_sensorsImpaired"",""Id"":""AbilityDefPPC"",""Name"":""SENSORS IMPAIRED""},""durationData"":{""clearedWhenAttacked"":false,""duration"":2,""stackLimit"":-1,""ticksOnActivations"":true,""ticksOnEndOfRound"":false,""ticksOnMovements"":false,""useActivationsOfTarget"":true},""effectType"":""StatisticEffect"",""nature"":""Debuff"",""statisticData"":{""modType"":""System.Int32"",""modValue"":""1"",""operation"":""Int_Add"",""statName"":""LV_ECM_JAMMED""},""targetingData"":{""effectTargetType"":""NotSet"",""effectTriggerType"":""OnHit"",""extendDurationOnTrigger"":0,""forcePathRebuild"":false,""forceVisRebuild"":false,""range"":0,""showInStatusPanel"":true,""showInTargetPreview"":false,""specialRules"":""NotSet"",""triggerLimit"":0}}]",,,,,,,,,,,,,0.175,true,true,false,0.35,false,true,true,true,true,,,,,,,,,,
false,0.2,0.2,104,0,,,,,All,NotSet,3,333,,,,Energy,t0,"[{""C"":""#4B0082"",""I"":5}]",Weapon,"[""OmniRestriction.{location}"",""component_type_stock"",""range_very-long"",""PiratePPCCap""]",,Weapon,1,false,"{""Bonuses"":[""ModesCanMisfire"",""DmgFallOff: 55%"",""WpnRecoil: 2"",""PPCDEBUFF: 2"",""WeaponBoom: 100"",""PiratePPCCap"",""MineClearanceBoom: 2""]}","[{""CategoryID"":""w/e/p/hppc""}]","{""ExplosionDamage"":100,""StabilityDamage"":50}","{""flags"":[""not_broken"",""not_destroyed""]}","{""SortKey"":""02014""}",80,0,980000,"I... See Boss, this is a Heavy PPC but the safeties have been removed and a Capacitor is straight up wired into it, if you fire this too fast, it will overload and shut down   ...if you're lucky. 

 <b><color=#00ffff>Can Toggle Between Fast Charge or Scatterblasr the Capacitator, exchanging Reliability for Accuracy or Shotgun like shot</color> </b> 

 <b><color=#00ffff>Left Click on Chance to hit during battle to switch firing mode</color> </b>",PPC,Weapon_PPC_PPC_HEAVY_jrig,1D10T,Heavy Particle Projector Cannon,HPPC,true,7,Heavy PPC+CAP (P),All,0,0,0,50,true,false,16,5,700,0,0,PPC,,,,1,"[210,400,580]",2,1,0,11,PPC,WeaponEffect-Weapon_PPC,PPCER,"[{""Description"":{""Details"":""EM Interference reduces sensor efficiency."",""Icon"":""uixSvgIcon_status_sensorsImpaired"",""Id"":""AbilityDefPPC"",""Name"":""SENSORS IMPAIRED""},""durationData"":{""clearedWhenAttacked"":false,""duration"":2,""stackLimit"":-1,""ticksOnActivations"":true,""ticksOnEndOfRound"":false,""ticksOnMovements"":false,""useActivationsOfTarget"":true},""effectType"":""StatisticEffect"",""nature"":""Debuff"",""statisticData"":{""modType"":""System.Int32"",""modValue"":""2"",""operation"":""Int_Add"",""statName"":""LV_ECM_JAMMED""},""targetingData"":{""effectTargetType"":""NotSet"",""effectTriggerType"":""OnHit"",""extendDurationOnTrigger"":0,""forcePathRebuild"":false,""forceVisRebuild"":false,""range"":0,""showInStatusPanel"":true,""showInTargetPreview"":false,""specialRules"":""NotSet"",""triggerLimit"":0}}]",,,,,,,,,"[{""AIHitChanceCap"":0.3,""Id"":""Std"",""UIName"":""STD"",""isBaseMode"":true},{""AIHitChanceCap"":0.1,""AccuracyModifier"":-2,""DamageOnJamming"":true,""DamagePerShot"":-10,""EvasivePipsIgnored"":2,""FireTerrainChance"":-0.025,""FlatJammingChance"":0.15,""GunneryJammingBase"":5,""GunneryJammingMult"":0.02,""HeatGenerated"":10,""Id"":""FastCharge"",""RefireModifier"":-1,""UIName"":""FC"",""isBaseMode"":false},{""AIHitChanceCap"":0.5,""AccuracyModifier"":-2,""DamageOnJamming"":true,""DamagePerShot"":-76,""EvasivePipsIgnored"":2,""FireDelayMultiplier"":0.1,""FireTerrainChance"":0.1,""FlatJammingChance"":0.15,""GunneryJammingBase"":5,""GunneryJammingMult"":0.02,""HeatGenerated"":20,""Id"":""Shotgun"",""Instability"":-15,""ProjectilesPerShot"":9,""RefireModifier"":2,""UIName"":""Scatter"",""isBaseMode"":false}]",15,true,0.1,0.225,true,true,,0.55,false,,true,true,true,,,,,,,,,,
false,0.2,0.125,65,0,,,,,All,NotSet,3,238,,,,Energy,t0,"[{""C"":""#0000CD"",""I"":5}]",Weapon,"[""OmniRestriction.{location}"",""component_type_stock"",""range_very-long"",""PiratePPCCap""]",,Weapon,1,false,"{""Bonuses"":[""ModesCanMisfire"",""WpnRecoil: 1"",""PPCDEBUFF: 1"",""WeaponBoom: 55"",""PiratePPCCap"",""MineClearanceBoom: 1""]}","[{""CategoryID"":""w/e/p/ppc""}]","{""ExplosionDamage"":55,""StabilityDamage"":30}","{""flags"":[""not_broken"",""not_destroyed""]}","{""SortKey"":""02011""}",50,0,220000,"Particle Projector Cannons are technological Marvel's, that is until some paint sniffing jackass comes along and hardwires a Capacitator straight into the gun. Theres a 'Safetys are for lusahs' scratched in where they should be!.

 <b><color=#00ffff>Can Toggle Between Fast or Overcharging the Capacitator, exchanging Reliability for Accuracy or Damage</color> </b> 

 <b><color=#00ffff>Left Click on Chance to hit during battle to switch firing mode</color> </b>",PPC,Weapon_PPC_PPC_JRCAP,Magna,Particle Projector Cannon,PPC,true,0,PPC+CAP (PRT),All,0,0,0,40,true,false,10,4,600,0,0,PPC,,,,1,"[180,360,540]",1,1,0,8,PPC,WeaponEffect-Weapon_PPC,PPC,"[{""Description"":{""Details"":""EM Interference reduces sensor efficiency."",""Icon"":""uixSvgIcon_status_sensorsImpaired"",""Id"":""AbilityDefPPC"",""Name"":""SENSORS IMPAIRED""},""durationData"":{""clearedWhenAttacked"":false,""duration"":2,""stackLimit"":-1,""ticksOnActivations"":true,""ticksOnEndOfRound"":false,""ticksOnMovements"":false,""useActivationsOfTarget"":true},""effectType"":""StatisticEffect"",""nature"":""Debuff"",""statisticData"":{""modType"":""System.Int32"",""modValue"":""1"",""operation"":""Int_Add"",""statName"":""LV_ECM_JAMMED""},""targetingData"":{""effectTargetType"":""NotSet"",""effectTriggerType"":""OnHit"",""extendDurationOnTrigger"":0,""forcePathRebuild"":false,""forceVisRebuild"":false,""range"":0,""showInStatusPanel"":true,""showInTargetPreview"":false,""specialRules"":""NotSet"",""triggerLimit"":0}}]",,,,,,,,,"[{""Id"":""Std"",""UIName"":""STD"",""isBaseMode"":true},{""AccuracyModifier"":-2,""DamageOnJamming"":true,""EvasivePipsIgnored"":2,""FlatJammingChance"":0.15,""GunneryJammingBase"":5,""GunneryJammingMult"":0.02,""HeatGenerated"":8,""Id"":""FastCharge"",""RefireModifier"":-1,""UIName"":""FC"",""isBaseMode"":false},{""DamageOnJamming"":true,""DamagePerShot"":20,""FireTerrainChance"":0.0875,""FlatJammingChance"":0.15,""GunneryJammingBase"":5,""GunneryJammingMult"":0.02,""HeatGenerated"":12,""Id"":""OverCharge"",""Instability"":4,""UIName"":""DMG"",""isBaseMode"":false}]",8,,,,,,,,,,,,,,,,,,,,,,
false,0.2,0.138,71.5,-1,,,,,All,NotSet,3,158,Unknown,25 Var.Dmg.,,Energy,,,Weapon,"[""OmniRestriction.{location}"",""component_type_stock"",""range_very-long""]",,Weapon,1.2,false,"{""Bonuses"":[""PPCDEBUFF: 2"",""WpnCrits: +20%"",""VariableDmg: 25"",""RangedDmg: +75%"",""MinRangeDamage: -75%"",""WpnAccuracy: +1"",""WpnRecoil: 4"",""MineClearanceBoom: 1""]}","[{""CategoryID"":""w/e/p/ppc""}]",,"{""flags"":[""not_broken"",""not_destroyed""]}","{""SortKey"":""02011""}",55,25,328000,It looks like someone combined the burned out and broken parts of two PPCs to create one barely-functional PPC. The electromagnetic field generation is unstable. You're likely to get zapped if you walk too close to this thing. ,PPC,Weapon_PPC_PPC_JuryRigged,Magna,Particle Projector Cannon,Pirate PPC,true,2,PPC (PRT),All,0,0,0,35,,false,14,4,590,0,0,PPC,,,,1,"[180,360,500]",4,1,0,7,PPC,WeaponEffect-Weapon_PPC,PPC,"[{""Description"":{""Details"":""EM Interference reduces sensor efficiency."",""Icon"":""uixSvgIcon_status_sensorsImpaired"",""Id"":""AbilityDefPPC"",""Name"":""SENSORS IMPAIRED""},""durationData"":{""clearedWhenAttacked"":false,""duration"":2,""stackLimit"":-1,""ticksOnActivations"":true,""ticksOnEndOfRound"":false,""ticksOnMovements"":false,""useActivationsOfTarget"":true},""effectType"":""StatisticEffect"",""nature"":""Debuff"",""statisticData"":{""modType"":""System.Int32"",""modValue"":""2"",""operation"":""Int_Add"",""statName"":""LV_ECM_JAMMED""},""targetingData"":{""effectTargetType"":""NotSet"",""effectTriggerType"":""OnHit"",""extendDurationOnTrigger"":0,""forcePathRebuild"":false,""forceVisRebuild"":false,""range"":0,""showInStatusPanel"":true,""showInTargetPreview"":false,""specialRules"":""NotSet"",""triggerLimit"":0}}]",,,,,,,,,,8,,,0.15,,,,0.75,true,,true,true,true,,,,,,,,,,
false,0.2,0.125,65,0,,,,,All,NotSet,3,309,+10 Damage,Improved Ranges,,Energy,t0,"[{""C"":""#008B8B"",""I"":5}]",Weapon,"[""OmniRestriction.{location}"",""component_type_stock"",""range_extreme"",""PiratePPCCap""]",,Weapon,1,false,"{""Bonuses"":[""ModesCanMisfire"",""WpnRecoil: 1"",""PPCDEBUFF: 1"",""WeaponBoom: 60"",""PiratePPCCap"",""MineClearanceBoom: 1""]}","[{""CategoryID"":""w/e/p/erppc""}]","{""ExplosionDamage"":60,""StabilityDamage"":30}","{""flags"":[""not_broken"",""not_destroyed""]}","{""SortKey"":""02015""}",50,0,930000,"You gotta admire the perseverance of whatever jackass came up with the idea of hotwiring a capacitator into the PPC, he made a whole line out of it, and didn't once stop to ask what he does to these beauties. Besides does this Capacitator either vastly increase its range, or trades it for a Brutal Punch. 

 <b><color=#00ffff>Can Toggle Between Extreme Range or Overcharging the Capacitator, exchanging Reliability for Range or Damage</color> </b> 

 <b><color=#00ffff>Left Click on Chance to hit during battle to switch firing mode</color> </b>",PPC,Weapon_PPC_PPCER_JRCAP,Stormbreaker,Extended-Range Capacitator PPC,ER PPC,false,5,ER PPC+CAP (PRT),All,0,0,0,50,true,false,10,4,750,0,0,PPC,,,,1,"[255,510,690]",1,1,0,8,PPC,WeaponEffect-Weapon_PPC,PPC,"[{""Description"":{""Details"":""EM Interference reduces sensor efficiency."",""Icon"":""uixSvgIcon_status_sensorsImpaired"",""Id"":""AbilityDefPPC"",""Name"":""SENSORS IMPAIRED""},""durationData"":{""clearedWhenAttacked"":false,""duration"":2,""stackLimit"":-1,""ticksOnActivations"":true,""ticksOnEndOfRound"":false,""ticksOnMovements"":false,""useActivationsOfTarget"":true},""effectType"":""StatisticEffect"",""nature"":""Debuff"",""statisticData"":{""modType"":""System.Int32"",""modValue"":""1"",""operation"":""Int_Add"",""statName"":""LV_ECM_JAMMED""},""targetingData"":{""effectTargetType"":""NotSet"",""effectTriggerType"":""OnHit"",""extendDurationOnTrigger"":0,""forcePathRebuild"":false,""forceVisRebuild"":false,""range"":0,""showInStatusPanel"":true,""showInTargetPreview"":false,""specialRules"":""NotSet"",""triggerLimit"":0}}]",,,,,,,,,"[{""Id"":""Std"",""UIName"":""STD"",""isBaseMode"":true},{""AccuracyModifier"":-1,""DamageOnJamming"":true,""EvasivePipsIgnored"":1,""FlatJammingChance"":0.15,""GunneryJammingBase"":5,""GunneryJammingMult"":0.02,""HeatGenerated"":12,""Id"":""ER"",""LongRange"":100,""MaxRange"":250,""MiddleRange"":110,""MinRange"":0,""RefireModifier"":1,""ShortRange"":130,""UIName"":""ER"",""isBaseMode"":false},{""DamageOnJamming"":true,""DamagePerShot"":25,""FireTerrainChance"":0.0875,""FlatJammingChance"":0.25,""GunneryJammingBase"":8,""GunneryJammingMult"":0.04,""HeatGenerated"":20,""Id"":""OverCharge"",""Instability"":5,""LongRange"":-100,""MaxRange"":-150,""MiddleRange"":-110,""MinRange"":0,""ShortRange"":-120,""UIName"":""DMG"",""isBaseMode"":false}]",8,,,,,,,,,,,,,,,,,,,,,,
false,0.2,0.15,78,1,,,,,All,NotSet,4,205,Unknown,Damage Falloff,,Energy,t0,"[{""C"":""#008080"",""I"":5}]",Weapon,"[""OmniRestriction.{location}"",""component_type_stock"",""range_extreme""]",,Weapon,1,false,"{""Bonuses"":[""PPCDEBUFF: 1"",""PipsIgnored: 1"",""VariableDmg: 15"",""DmgFallOff: 40%"",""WpnAccuracy: -1"",""WpnRecoil: 3"",""MineClearanceBoom: 1""]}","[{""CategoryID"":""w/e/p/erppc""}]","{""ExplosionDamage"":30}","{""flags"":[""not_broken"",""not_destroyed""]}","{""SortKey"":""02011""}",60,15,800000,"This marvel of engineering has been violated in so many ways. I can not begin to decipher what it's been through.  And no, the fake magazine attached to its underside can not be removed. It is somehow integrated into the containment field that keeps this thing from blowing up when fired. <b><color=#099ff2>VOLATILE!</color></b>",PPC,Weapon_PPC_PPCER_JuryRigged,Kong Interstellar,Extended-Range PPC,Pirate ER PPC,true,5,ER PPC (PRT),All,0,1,0,45,true,false,12,4,760,0,0,PPC,,,,1,"[270,510,690]",3,1,0,8,PPC,WeaponEffect-Weapon_PPC,PPC,"[{""Description"":{""Details"":""EM Interference reduces sensor efficiency."",""Icon"":""uixSvgIcon_status_sensorsImpaired"",""Id"":""AbilityDefPPC"",""Name"":""SENSORS IMPAIRED""},""durationData"":{""clearedWhenAttacked"":false,""duration"":2,""stackLimit"":-1,""ticksOnActivations"":true,""ticksOnEndOfRound"":false,""ticksOnMovements"":false,""useActivationsOfTarget"":true},""effectType"":""StatisticEffect"",""nature"":""Debuff"",""statisticData"":{""modType"":""System.Int32"",""modValue"":""1"",""operation"":""Int_Add"",""statName"":""LV_ECM_JAMMED""},""targetingData"":{""effectTargetType"":""NotSet"",""effectTriggerType"":""OnHit"",""extendDurationOnTrigger"":0,""forcePathRebuild"":false,""forceVisRebuild"":false,""range"":0,""showInStatusPanel"":true,""showInTargetPreview"":false,""specialRules"":""NotSet"",""triggerLimit"":0}}]",,,,,,,,,,8,,,0.175,,,,0.4,false,,true,true,true,,,,,,,,,,
,,,,,,,,,CenterTorso,,,0,+ 1 Acc. (PPC),,,,,,NotSet,"[""component_type_stock""]",,Upgrade,,false,"{""Bonuses"":[""PPCACC: +1"",""Quirk""]}","[{""CategoryID"":""PositiveQuirk""}]",,"{""flags"":[""not_broken"",""not_destroyed"",""default"",""ignore_damage"",""no_salvage""]}","{""SortKey"":""00201""}",,,130000,This BattleMech features PPC mounts of exceptional design and construction which leads to a marked increase in accuracy and reliability for such weapons.,SpecialistSlot,Special_Accurate_Weapon_PPC,Fabrique Nationale,Model 2712P,Accurate Weapon - PPC,true,3,Accurate Weapon - PPC,All,,,,,,,,1,,,,,,,,,,,,,0,,,,"[{""Description"":{""Details"":""+1 Acc for PPC Weapons."",""Icon"":""uixSvgIcon_equipment_TTS"",""Id"":""StatusEffect-FCS_AC2"",""Name"":""PPC Accuracy Quirk""},""durationData"":{""duration"":-1,""stackLimit"":-1},""effectType"":""StatisticEffect"",""nature"":""Buff"",""statisticData"":{""additionalRules"":""NotSet"",""modType"":""System.Single"",""modValue"":""-1.0"",""operation"":""Float_Add"",""statName"":""AccuracyModifier"",""targetAmmoCategory"":""NotSet"",""targetCollection"":""Weapon"",""targetWeaponCategory"":""NotSet"",""targetWeaponSubType"":""PPC"",""targetWeaponType"":""NotSet""},""targetingData"":{""effectTargetType"":""Creator"",""effectTriggerType"":""Passive"",""showInStatusPanel"":false,""showInTargetPreview"":false}}]",,,,,,,,,,,,,,,,,,,,,,,0,{},0,,,,,,,
false,0.2,0.106,54.6,0,,,,,All,NotSet,3,0,X2 Stb.Dmg.,- 10 Heat,,Energy,,,Weapon,"[""OmniRestriction.{location}"",""component_type_variant"",""component_type_variant2"",""range_very-long"",""BLACKLISTED""]",,Weapon,1,false,"{""Bonuses"":[""WpnRecoil: 0"",""PPCDEBUFF: 1"",""CeresArmsPPC"",""MineClearanceBoom: 1""]}","[{""CategoryID"":""w/e/p/ppc""}]",,,"{""SortKey"":""02011""}",47,0,230000,"Particle Projector Cannons ''PPCs'' fire streams of energized lightning at their target that deal substantial damage and stability impact. However, this comes with intense heat generation and bulkiness. PPCs also generate a mild EM field that degrades the firing capability of their target. 

 <b><color=#00ffff>Left Click on Chance to Hit during battle to toggle the Field Inhibitor.  (FIOFF) Has no minimum range penalty but can Misfire.</color> </b>",PPC,Weapon_PPC_PPC_2-Ceres_Arms,Ceres Arms,Particle Projector Cannon,PPC Ceres Arms (Deprecated),true,5,PPC Ceres Arms (Deprecated),All,0,0,0,30,,false,8.4,3,720,90,0,PPC,,,,1,"[180,360,540]",0,1,0,7,PPC,WeaponEffect-Weapon_PPC,PPC,"[{""Description"":{""Details"":""EM Interference reduces sensor efficiency."",""Icon"":""uixSvgIcon_status_sensorsImpaired"",""Id"":""AbilityDefPPC"",""Name"":""SENSORS IMPAIRED""},""durationData"":{""clearedWhenAttacked"":false,""duration"":2,""stackLimit"":-1,""ticksOnActivations"":true,""ticksOnEndOfRound"":false,""ticksOnMovements"":false,""useActivationsOfTarget"":true},""effectType"":""StatisticEffect"",""nature"":""Debuff"",""statisticData"":{""modType"":""System.Int32"",""modValue"":""1"",""operation"":""Int_Add"",""statName"":""LV_ECM_JAMMED""},""targetingData"":{""effectTargetType"":""NotSet"",""effectTriggerType"":""OnHit"",""extendDurationOnTrigger"":0,""forcePathRebuild"":false,""forceVisRebuild"":false,""range"":0,""showInStatusPanel"":true,""showInTargetPreview"":false,""specialRules"":""NotSet"",""triggerLimit"":0}}]",,,,,,,,,"[{""AIHitChanceCap"":0.1,""Id"":""FION"",""UIName"":""FION"",""isBaseMode"":true},{""AIHitChanceCap"":0.99,""AccuracyModifier"":1,""DamageOnJamming"":true,""FlatJammingChance"":0.5,""GunneryJammingBase"":5,""GunneryJammingMult"":0.075,""Id"":""FIOFF"",""MinRange"":-90,""UIName"":""FIOFF"",""isBaseMode"":false}]",8,,,,,,,,,,,,,,,,,,,,,,
false,0.2,0.113,58.5,0,,,,,All,NotSet,3,0,,,,Energy,,,Weapon,"[""OmniRestriction.{location}"",""component_type_variant"",""component_type_variant2"",""range_very-long"",""BLACKLISTED""]",,Weapon,1,false,"{""Bonuses"":[""WpnRecoil: 2"",""PPCDEBUFF: 3"",""DonalPPC"",""MineClearanceBoom: 1""]}","[{""CategoryID"":""w/e/p/ppc""}]",,,"{""SortKey"":""02011""}",50,0,210000,"Particle Projector Cannons ''PPCs'' fire streams of energized lightning at their target that deal substantial damage and stability impact. However, this comes with intense heat generation and bulkiness. PPCs also generate a mild EM field that degrades the firing capability of their target. 

 <b><color=#00ffff>Left Click on Chance to Hit during battle to toggle the Field Inhibitor.  (FIOFF) Has no minimum range penalty but can Misfire.</color> </b>",PPC,Weapon_PPC_PPC_2-Donal,Donal,Particle Projector Cannon,PPC Donal (Deprecated),true,5,PPC Donal (Deprecated),All,0,0,0,35,,false,10,3,720,90,0,PPC,,,,1,"[180,360,540]",2,1,0,7,PPC,WeaponEffect-Weapon_PPC,PPC,"[{""Description"":{""Details"":""EM Interference reduces sensor efficiency."",""Icon"":""uixSvgIcon_status_sensorsImpaired"",""Id"":""AbilityDefPPC"",""Name"":""SENSORS IMPAIRED""},""durationData"":{""clearedWhenAttacked"":false,""duration"":2,""stackLimit"":-1,""ticksOnActivations"":true,""ticksOnEndOfRound"":false,""ticksOnMovements"":false,""useActivationsOfTarget"":true},""effectType"":""StatisticEffect"",""nature"":""Debuff"",""statisticData"":{""modType"":""System.Int32"",""modValue"":""3"",""operation"":""Int_Add"",""statName"":""LV_ECM_JAMMED""},""targetingData"":{""effectTargetType"":""NotSet"",""effectTriggerType"":""OnHit"",""extendDurationOnTrigger"":0,""forcePathRebuild"":false,""forceVisRebuild"":false,""range"":0,""showInStatusPanel"":true,""showInTargetPreview"":false,""specialRules"":""NotSet"",""triggerLimit"":0}}]",,,,,,,,,"[{""AIHitChanceCap"":0.1,""Id"":""FION"",""UIName"":""FION"",""isBaseMode"":true},{""AIHitChanceCap"":0.99,""AccuracyModifier"":1,""DamageOnJamming"":true,""FlatJammingChance"":0.5,""GunneryJammingBase"":5,""GunneryJammingMult"":0.075,""Id"":""FIOFF"",""MinRange"":-90,""UIName"":""FIOFF"",""isBaseMode"":false}]",8,,,,,,,,,,,,,,,,,,,,,,
false,0.2,0.138,71.5,0,,,,,All,NotSet,3,0,+1 Evasive Ignore.,+1 Accuracy. -1Recoil.,,Energy,,,Weapon,"[""OmniRestriction.{location}"",""component_type_variant"",""component_type_variant2"",""range_very-long"",""BLACKLISTED""]",,Weapon,1,false,"{""Bonuses"":[""WpnRecoil: 3"",""PPCDEBUFF: 1"",""TiegartPPC"",""MineClearanceBoom: 1""]}","[{""CategoryID"":""w/e/p/ppc""}]",,,"{""SortKey"":""02011""}",60,0,360000,"Particle Projector Cannons ''PPCs'' fire streams of energized lightning at their target that deal substantial damage and stability impact. However, this comes with intense heat generation and bulkiness. PPCs also generate a mild EM field that degrades the firing capability of their target. 

 <b><color=#00ffff>Left Click on Chance to Hit during battle to toggle the Field Inhibitor.  (FIOFF) Has no minimum range penalty but can Misfire.</color> </b>",PPC,Weapon_PPC_PPC_2-Tiegart,Tiegart,Particle Projector Cannon,PPC Tiegart (Deprecated),true,5,PPC Tiegart (Deprecated),All,0,0,0,40,,false,12,3,720,90,0,PPC,,,,1,"[180,360,540]",3,1,0,7,PPC,WeaponEffect-Weapon_PPC,PPC,"[{""Description"":{""Details"":""EM Interference reduces sensor efficiency."",""Icon"":""uixSvgIcon_status_sensorsImpaired"",""Id"":""AbilityDefPPC"",""Name"":""SENSORS IMPAIRED""},""durationData"":{""clearedWhenAttacked"":false,""duration"":2,""stackLimit"":-1,""ticksOnActivations"":true,""ticksOnEndOfRound"":false,""ticksOnMovements"":false,""useActivationsOfTarget"":true},""effectType"":""StatisticEffect"",""nature"":""Debuff"",""statisticData"":{""modType"":""System.Int32"",""modValue"":""1"",""operation"":""Int_Add"",""statName"":""LV_ECM_JAMMED""},""targetingData"":{""effectTargetType"":""NotSet"",""effectTriggerType"":""OnHit"",""extendDurationOnTrigger"":0,""forcePathRebuild"":false,""forceVisRebuild"":false,""range"":0,""showInStatusPanel"":true,""showInTargetPreview"":false,""specialRules"":""NotSet"",""triggerLimit"":0}}]",,,,,,,,,"[{""AIHitChanceCap"":0.99,""Id"":""FION"",""UIName"":""FION"",""isBaseMode"":true},{""AIHitChanceCap"":0.99,""AccuracyModifier"":1,""DamageOnJamming"":true,""FlatJammingChance"":0.5,""GunneryJammingBase"":5,""GunneryJammingMult"":0.075,""Id"":""FIOFF"",""MinRange"":-90,""UIName"":""FIOFF"",""isBaseMode"":false}]",8,,,,,,,,,,,,,,,,,,,,,,
false,0.2,0.2,104,0,,,,,All,NotSet,3,0,,,,Energy,,,Weapon,"[""OmniRestriction.{location}"",""component_type_stock"",""range_long"",""PiratePPCCap""]",,Weapon,1,false,"{""Bonuses"":[""PPCDEBUFF: 4"",""DmgFallOff: 60%"",""WpnRecoil: 3"",""MineClearanceBoom: 2""]}","[{""CategoryID"":""w/e/p/hppc""}]",,,"{""SortKey"":""02014""}",80,0,780000,"A Word of Blake Heavy PPC Design with Integrated Capacitator, the 'Divine Wrath' is able to fire a even stronger and devastating Particle Beam at a longe range and without the minimum range. 

 <b><color=#00ffff>Left Click on Chance to Hit during battle to toggle the Capacitator. Active Capacitator increase Damage, Heat and Range at a chance to 'jam'.</color> </b>",PPC,Weapon_PPC_HEAVY_CAPACITATOR,Word of Blake,Divine Wrath,HPPC+CAP,true,6,Heavy PPC CAP,All,0,0,0,50,,false,16,5,700,0,0,PPC,,,,1,"[210,400,580]",3,1,0,11,PPC,WeaponEffect-Weapon_PPC,PPC,"[{""Description"":{""Details"":""EM Interference reduces sensor efficiency."",""Icon"":""uixSvgIcon_status_sensorsImpaired"",""Id"":""AbilityDefPPC"",""Name"":""SENSORS IMPAIRED""},""durationData"":{""clearedWhenAttacked"":false,""duration"":2,""stackLimit"":-1,""ticksOnActivations"":true,""ticksOnEndOfRound"":false,""ticksOnMovements"":false,""useActivationsOfTarget"":true},""effectType"":""StatisticEffect"",""nature"":""Debuff"",""statisticData"":{""modType"":""System.Int32"",""modValue"":""4"",""operation"":""Int_Add"",""statName"":""LV_ECM_JAMMED""},""targetingData"":{""effectTargetType"":""NotSet"",""effectTriggerType"":""OnHit"",""extendDurationOnTrigger"":0,""forcePathRebuild"":false,""forceVisRebuild"":false,""range"":0,""showInStatusPanel"":true,""showInTargetPreview"":false,""specialRules"":""NotSet"",""triggerLimit"":0}}]",,,,,,,,,"[{""AIHitChanceCap"":0.99,""Id"":""CAPOFF"",""UIName"":""OFF"",""isBaseMode"":true},{""AIHitChanceCap"":0.99,""DamagePerShot"":30,""FlatJammingChance"":0.25,""GunneryJammingBase"":5,""GunneryJammingMult"":0.075,""HeatGenerated"":20,""Id"":""CAPON"",""Instability"":12,""LongRange"":60,""MaxRange"":80,""MiddleRange"":50,""RefireModifier"":1,""ShortRange"":40,""UIName"":""ON"",""isBaseMode"":false}]",15,,,0.225,,,,0.6,false,,true,true,true,,,,,,,,,,
false,0.2,0.188,108,0,,,,,All,NotSet,3,0,,,,Energy,,,Weapon,"[""OmniRestriction.{location}"",""component_type_stock"",""range_very-long""]",,Weapon,1,false,"{""Bonuses"":[""PPCDEBUFF: 2"",""DmgFallOff: 60%"",""WpnRecoil: 2"",""MineClearanceBoom: 2""]}","[{""CategoryID"":""w/e/p/hppc""}]",,"{""flags"":[""not_broken"",""not_destroyed""]}","{""SortKey"":""02014""}",90,0,780000,Developed by Skobel Mechworks on Terra in Conjunction with RISC does this Heavy PPC trade a Reliable Damage profile for some damage potential for and no Minimum Range. Combining Clan ER PPC Technology with the best the Inner sphere has to offer.,PPC,Weapon_PPC_PPC_HEAVY_Improved,RISC,Improved Heavy PPC,IHPPC,true,6,Heavy PPC RISC,All,0,0,0,55,,false,18,4,600,0,0,PPC,,,,1,"[180,360,540]",2,1,0,10,PPC,WeaponEffect-Weapon_PPC,PPC,"[{""Description"":{""Details"":""EM Interference reduces sensor efficiency."",""Icon"":""uixSvgIcon_status_sensorsImpaired"",""Id"":""AbilityDefPPC"",""Name"":""SENSORS IMPAIRED""},""durationData"":{""clearedWhenAttacked"":false,""duration"":2,""stackLimit"":-1,""ticksOnActivations"":true,""ticksOnEndOfRound"":false,""ticksOnMovements"":false,""useActivationsOfTarget"":true},""effectType"":""StatisticEffect"",""nature"":""Debuff"",""statisticData"":{""modType"":""System.Int32"",""modValue"":""2"",""operation"":""Int_Add"",""statName"":""LV_ECM_JAMMED""},""targetingData"":{""effectTargetType"":""NotSet"",""effectTriggerType"":""OnHit"",""extendDurationOnTrigger"":0,""forcePathRebuild"":false,""forceVisRebuild"":false,""range"":0,""showInStatusPanel"":true,""showInTargetPreview"":false,""specialRules"":""NotSet"",""triggerLimit"":0}}]",,,,,,,,,,15,,,0.2,,,,0.6,,,,,,,,,,,,,,,
false,0.2,0.075,39,0,,,,,All,NotSet,3,0,1 Evasion Ignore,No Recoil,,Energy,t0,"[{""C"":""#F9F93E"",""I"":5}]",Weapon,"[""OmniRestriction.{location}"",""component_type_stock"",""range_long"",""PiratePPCCap""]",,Weapon,1,false,"{""Bonuses"":[""WpnRecoil: 0"",""PipsIgnored: 1"",""TwinLinkedCap"",""WeaponJAMFlat: 12%"",""PPCDEBUFF: 1"",""MineClearanceBoom: 1""]}","[{""CategoryID"":""w/e/p/lppc""}]",,"{""flags"":[""not_broken"",""not_destroyed""]}","{""SortKey"":""02013""}",30,0,986000,"What started as a RISC researcher's side-project to develop faster-firing PPCs wound up looking more like a Light PPC hooked up to a pair of capacitors. This arrangement allows the weapon to fire up to twice as fast but there is a chance that the  heat and charge build-up might jam up some of the shielding components. 

 <b><color=#00ffff>Can Toggle Between Rapid Fire or Fast Charging the Capacitator</color> </b> 

 <b><color=#00ffff>Left Click on Chance to hit during battle to switch firing mode</color> </b>",PPC,Weapon_PPC_PPC_LIGHT_RISC,RISC,Light Particle Projector Cannon,LPPC+TLCAP,true,7,L. PPC+TLCAP,All,0,1,0,46,true,false,6,4,460,0,0,PPC,,,,1,"[160,280,400]",0,2,0,5,PPC,WeaponEffect-Weapon_PPC,PPC,"[{""Description"":{""Details"":""EM Interference reduces sensor efficiency."",""Icon"":""uixSvgIcon_status_sensorsImpaired"",""Id"":""AbilityDefPPC"",""Name"":""SENSORS IMPAIRED""},""durationData"":{""clearedWhenAttacked"":false,""duration"":2,""stackLimit"":-1,""ticksOnActivations"":true,""ticksOnEndOfRound"":false,""ticksOnMovements"":false,""useActivationsOfTarget"":true},""effectType"":""StatisticEffect"",""nature"":""Debuff"",""statisticData"":{""modType"":""System.Int32"",""modValue"":""1"",""operation"":""Int_Add"",""statName"":""LV_ECM_JAMMED""},""targetingData"":{""effectTargetType"":""NotSet"",""effectTriggerType"":""OnHit"",""extendDurationOnTrigger"":0,""forcePathRebuild"":false,""forceVisRebuild"":false,""range"":0,""showInStatusPanel"":true,""showInTargetPreview"":false,""specialRules"":""NotSet"",""triggerLimit"":0}}]",,,,,,,,,"[{""AIHitChanceCap"":0.1,""AccuracyModifier"":-1,""EvasivePipsIgnored"":1,""HeatGenerated"":-23,""Id"":""x1"",""LongRange"":140,""MaxRange"":260,""MiddleRange"":80,""MinRange"":90,""RefireModifier"":-1,""ShortRange"":30,""ShotsWhenFired"":-1,""UIName"":""ACC"",""isBaseMode"":false},{""AIHitChanceCap"":0.4,""Id"":""x2"",""RefireModifier"":1,""UIName"":""ROF"",""isBaseMode"":true}]",8,,0.1,0.0875,,,,,,,,,,,,,,0.12,7,0.02,,,
false,0.2,0.163,84.5,0,,,,,All,NotSet,3,0,Damage Falloff,,,Energy,t0,"[{""C"":""#E1E16A"",""I"":5}]",Weapon,"[""OmniRestriction.{location}"",""component_type_stock"",""range_standard"",""wr-jammable_weapon"",""wr-jam_chance_multiplier-5"",""PiratePPCCap""]",,Weapon,1,false,"{""Bonuses"":[""PPCDEBUFF: 1"",""WpnRecoil: 2"",""TwinLinkedCap"",""WeaponJAM: 10"",""WeaponJAMFlat: 10%"",""DmgFallOff: 35%"",""MineClearanceBoom: 1""]}","[{""CategoryID"":""w/e/p/snppc""}]",,"{""flags"":[""not_broken"",""not_destroyed""]}","{""SortKey"":""02012""}",60,0,580000,"After the successful Testing of Twin Linked Capacitators on the Light PPC was this version conceived. Sporting the same Doubled Fire Rate does it suffer from similar heat and em field interference causing it to loose charge at random.

 <b><color=#00ffff>Can Toggle Between Rapid Fire or Fast Charging the Capacitator</color> </b> 

 <b><color=#00ffff>Left Click on Chance to hit during battle to switch firing mode</color> </b>",PPC,Weapon_PPC_PPC_SNUBNOSE_RISC,RISC,SN Particle Projector Cannon,SN-PPC+TLCAP,true,3,SN PPC+TLCAP,All,0,0,0,60,true,false,10,4,560,0,0,PPC,,,,1,"[290,360,500]",2,2,0,8,PPC,WeaponEffect-Weapon_PPCSnub,PPC,"[{""Description"":{""Details"":""EM Interference reduces sensor efficiency."",""Icon"":""uixSvgIcon_status_sensorsImpaired"",""Id"":""AbilityDefPPC"",""Name"":""SENSORS IMPAIRED""},""durationData"":{""clearedWhenAttacked"":false,""duration"":2,""stackLimit"":-1,""ticksOnActivations"":true,""ticksOnEndOfRound"":false,""ticksOnMovements"":false,""useActivationsOfTarget"":true},""effectType"":""StatisticEffect"",""nature"":""Debuff"",""statisticData"":{""modType"":""System.Int32"",""modValue"":""1"",""operation"":""Int_Add"",""statName"":""LV_ECM_JAMMED""},""targetingData"":{""effectTargetType"":""NotSet"",""effectTriggerType"":""OnHit"",""extendDurationOnTrigger"":0,""forcePathRebuild"":false,""forceVisRebuild"":false,""range"":0,""showInStatusPanel"":true,""showInTargetPreview"":false,""specialRules"":""NotSet"",""triggerLimit"":0}}]",,,,,,,,,"[{""AIHitChanceCap"":0.1,""AccuracyModifier"":-1,""EvasivePipsIgnored"":1,""HeatGenerated"":-25,""Id"":""x1"",""RefireModifier"":-1,""ShotsWhenFired"":-1,""UIName"":""ACC"",""isBaseMode"":false},{""AIHitChanceCap"":0.4,""Id"":""x2"",""RefireModifier"":1,""UIName"":""ROF"",""isBaseMode"":true}]",8,,0.1,0.175,,,,0.35,false,,true,true,true,,,,,0.1,1,0.02,,,
false,0.2,0.163,84.5,0,,,,,All,NotSet,3,0,+10 Damage,Improved Ranges,,Energy,,,Weapon,"[""OmniRestriction.{location}"",""component_type_stock"",""range_extreme"",""wr-jammable_weapon"",""wr-jam_chance_multiplier-5"",""PiratePPCCap""]",,Weapon,1,false,"{""Bonuses"":[""WpnRecoil: 3"",""PPCDEBUFF: 2"",""WeaponJAMFlat: 18%"",""WeaponJAM: 5"",""MineClearanceBoom: 1""]}","[{""CategoryID"":""w/e/p/erppc""}]",,"{""flags"":[""not_broken"",""not_destroyed""]}","{""SortKey"":""02015""}",70,0,1330000,"Trying to Improve upon the SLDF Extended Range PPC have RISC Scientists hardwired a Capacitator to it and increased its Power Intake, drastically increasing its Range and Damage Output at cost of Reliability and Heat Management.",PPC,Weapon_PPC_PPCER_RISC,RISC,Extended-Range PPC,ER PPC,false,8,ER PPC CAP,All,0,0,0,70,,false,14,4,1333,0,0,PPC,,,,1,"[333,666,999]",3,1,0,8,PPC,WeaponEffect-Weapon_PPC,PPC,"[{""Description"":{""Details"":""EM Interference reduces sensor efficiency."",""Icon"":""uixSvgIcon_status_sensorsImpaired"",""Id"":""AbilityDefPPC"",""Name"":""SENSORS IMPAIRED""},""durationData"":{""clearedWhenAttacked"":false,""duration"":2,""stackLimit"":-1,""ticksOnActivations"":true,""ticksOnEndOfRound"":false,""ticksOnMovements"":false,""useActivationsOfTarget"":true},""effectType"":""StatisticEffect"",""nature"":""Debuff"",""statisticData"":{""modType"":""System.Int32"",""modValue"":""2"",""operation"":""Int_Add"",""statName"":""LV_ECM_JAMMED""},""targetingData"":{""effectTargetType"":""NotSet"",""effectTriggerType"":""OnHit"",""extendDurationOnTrigger"":0,""forcePathRebuild"":false,""forceVisRebuild"":false,""range"":0,""showInStatusPanel"":true,""showInTargetPreview"":false,""specialRules"":""NotSet"",""triggerLimit"":0}}]",,,,,,,,,,8,,,,,,,,,,,,,,,,,0.18,5,0.03,,,
false,0.2,0.013,6.5,0,WFX_SPlasma,1,1,1,All,NotSet,3,0,1 Evasion Ignore,No Recoil,true,Energy,t0,"[{""C"":""#B0E0E6"",""I"":5}]",Weapon,"[""OmniRestriction.{location}"",""component_type_stock"",""range_standard"",""wr-jammable_weapon"",""wr-damage_when_jam"",""wr-jam_chance_multiplier-5""]",,Weapon,0.5,false,"{""Bonuses"":[""Haywire"",""ImpMove: 60%"",""ImpAccuracy: -3"",""ImpHeatSink: -80%"",""WpnRecoil: 2"",""RecoilExponent: 0.5"",""AccuracyExponent: -0.3"",""Explodium: 5"",""WeaponBoom: 35"",""NoAA"",""MineClearanceBoom: 1""]}","[{""CategoryID"":""w/e/p/tsemp""}]","{""ExplosionDamage"":35,""HeatDamage"":35,""StabilityDamage"":35}","{""flags"":[""not_broken"",""not_destroyed""]}","{""SortKey"":""02013""}",5,0,1580000,"The Tight Stream Electro Magnetic Pulse Cannon is a directed energy weapon based on the Taser system, but doesn't require the cabling and capacitors. The unit mounting the TSEMP Cannon suffers from sensor and electronic system interference every time it fires the TSEMP. The capacitors used to charge the Cannon also require time to recharge between shots, so an operator will have to wait ten seconds between shots.",PPC,Weapon_PPC_TSEMP,Fusigon,TSEMP Cannon,TSEMP,true,12,TSEMP Cannon,All,0,1,30,30,true,false,20,5,430,0,0,PPC,0.7,0.7,1.2,1,"[123,246,370]",2,1,0,6,PPC,WeaponEffect-Weapon_PPC,PPCER,"[{""Description"":{""Details"":""Reduce Heat Damage by 1%"",""Icon"":""uixSvgIcon_equipment_ThermalExchanger"",""Id"":""HeatDamageTakenSoftCapMultiplier"",""Name"":""Heat Damage SoftCap""},""durationData"":{""duration"":1,""stackLimit"":45,""ticksOnActivations"":true,""useActivationsOfTarget"":true},""effectType"":""StatisticEffect"",""nature"":""Buff"",""statisticData"":{""modType"":""System.Single"",""modValue"":""0.95"",""operation"":""Float_Multiply"",""statName"":""CACIncomingHeatMult""},""targetingData"":{""effectTargetType"":""NotSet"",""effectTriggerType"":""OnHit"",""extendDurationOnTrigger"":0,""forcePathRebuild"":false,""forceVisRebuild"":false,""range"":0,""showInStatusPanel"":false,""showInTargetPreview"":false,""specialRules"":""NotSet"",""triggerLimit"":0}},{""Description"":{""Details"":""The Mech's Systems have been scrambled."",""Icon"":""uixSvgIcon_shipUpgrade_power2"",""Id"":""TSEMP-Effect"",""Name"":""TSEMP""},""durationData"":{""duration"":2,""stackLimit"":6,""ticksOnActivations"":true,""useActivationsOfTarget"":true},""effectType"":""StatisticEffect"",""nature"":""Debuff"",""statisticData"":{""modType"":""System.Single"",""modValue"":""3.0"",""operation"":""Float_Add"",""statName"":""AccuracyModifier""},""targetingData"":{""effectTargetType"":""NotSet"",""effectTriggerType"":""OnHit"",""extendDurationOnTrigger"":0,""forcePathRebuild"":false,""forceVisRebuild"":false,""range"":0,""showInStatusPanel"":false,""showInTargetPreview"":false,""specialRules"":""NotSet"",""triggerLimit"":0}},{""Description"":{""Details"":""The Mech's Movement is reduced."",""Icon"":""uixSvgIcon_status_sensorsImpaired"",""Id"":""TSEMP-Effect1"",""Name"":""Walk Impaired""},""durationData"":{""clearedWhenAttacked"":false,""duration"":2,""stackLimit"":6,""ticksOnActivations"":true,""ticksOnEndOfRound"":false,""ticksOnMovements"":false,""useActivationsOfTarget"":true},""effectType"":""StatisticEffect"",""nature"":""Debuff"",""statisticData"":{""modType"":""System.Single"",""modValue"":""0.4"",""operation"":""Float_Multiply"",""statName"":""WalkSpeed""},""targetingData"":{""effectTargetType"":""NotSet"",""effectTriggerType"":""OnHit"",""extendDurationOnTrigger"":0,""forcePathRebuild"":false,""forceVisRebuild"":false,""range"":0,""showInStatusPanel"":false,""showInTargetPreview"":false,""specialRules"":""NotSet"",""triggerLimit"":0}},{""Description"":{""Details"":""The Mech's cooling is impaired."",""Icon"":""uixSvgIcon_status_sensorsImpaired"",""Id"":""TSEMP-Effect3"",""Name"":""Cooling Impaired""},""durationData"":{""clearedWhenAttacked"":false,""duration"":2,""stackLimit"":6,""ticksOnActivations"":true,""ticksOnEndOfRound"":false,""ticksOnMovements"":false,""useActivationsOfTarget"":true},""effectType"":""StatisticEffect"",""nature"":""Debuff"",""statisticData"":{""appliesEachTick"":false,""effectsPersistAfterDestruction"":false,""modType"":""System.Single"",""modValue"":""1.8"",""operation"":""Float_Multiply"",""statName"":""HeatGenerated""},""targetingData"":{""effectTargetType"":""SingleTarget"",""effectTriggerType"":""OnHit"",""extendDurationOnTrigger"":0,""forcePathRebuild"":false,""forceVisRebuild"":false,""range"":0,""showInStatusPanel"":false,""showInTargetPreview"":false,""specialRules"":""NotSet"",""triggerLimit"":0}}]",,,,,,,,,,8,,,,,,,,,,,,,,,,,,,,-0.35,0.5,
false,0.2,0.113,58.5,0,,,,,All,NotSet,3,176,,,,Energy,,,Weapon,"[""OmniRestriction.{location}"",""component_type_stock"",""range_very-long""]",,Weapon,1,false,"{""Bonuses"":[""PPCDEBUFF: 1"",""MineClearanceBoom: 1"",""ModesCanMisfire""]}","[{""CategoryID"":""w/e/p/ppc""}]",,,"{""SortKey"":""02011""}",50,0,180000,"Particle Projector Cannons ''PPCs'' fire streams of energized lightning at their target that deal substantial damage and stability impact. However, this comes with intense heat generation and bulkiness. PPCs also generate a mild EM field that degrades the firing capability of their target. 

 <b><color=#00ffff>Left Click on Chance to Hit during battle to toggle the Field Inhibitor.  (FIOFF) Has no minimum range penalty but can Misfire.</color> </b>",PPC,Weapon_PPC_PPC_0-STOCK,Magna,Particle Projector Cannon,PPC,true,0,PPC,All,0,0,0,30,,false,10,3,720,90,0,PPC,,,,1,"[180,360,540]",0,1,0,7,PPC,WeaponEffect-Weapon_PPC,PPC,"[{""Description"":{""Details"":""EM Interference reduces sensor efficiency."",""Icon"":""uixSvgIcon_status_sensorsImpaired"",""Id"":""AbilityDefPPC"",""Name"":""SENSORS IMPAIRED""},""durationData"":{""clearedWhenAttacked"":false,""duration"":2,""stackLimit"":-1,""ticksOnActivations"":true,""ticksOnEndOfRound"":false,""ticksOnMovements"":false,""useActivationsOfTarget"":true},""effectType"":""StatisticEffect"",""nature"":""Debuff"",""statisticData"":{""modType"":""System.Int32"",""modValue"":""1"",""operation"":""Int_Add"",""statName"":""LV_ECM_JAMMED""},""targetingData"":{""effectTargetType"":""NotSet"",""effectTriggerType"":""OnHit"",""extendDurationOnTrigger"":0,""forcePathRebuild"":false,""forceVisRebuild"":false,""range"":0,""showInStatusPanel"":true,""showInTargetPreview"":false,""specialRules"":""NotSet"",""triggerLimit"":0}}]",,,,,,,,,"[{""AIHitChanceCap"":0.1,""Id"":""FION"",""UIName"":""FION"",""isBaseMode"":true},{""AIHitChanceCap"":0.99,""AccuracyModifier"":1,""DamageOnJamming"":true,""FlatJammingChance"":0.5,""GunneryJammingBase"":5,""GunneryJammingMult"":0.075,""Id"":""FIOFF"",""MinRange"":-90,""UIName"":""FIOFF"",""isBaseMode"":false}]",8,,,,,,,,,,,,,,,,,,,,,,
false,0.2,0.1,52,-1,,,,,All,NotSet,1,176,,,,Energy,,,Weapon,"[""OmniRestriction.{location}"",""component_type_variant"",""component_type_variant1"",""range_very-long""]",,Weapon,1,false,"{""Bonuses"":[""CeresArmsPPC"",""PPCDEBUFF: 1"",""WpnRecoil: 1"",""MineClearanceBoom: 1"",""ModesCanMisfire""]}","[{""CategoryID"":""w/e/p/ppc""}]",,,"{""SortKey"":""02011""}",50,0,200000,"Particle Projector Cannons ''PPCs'' fire streams of energized lightning at their target that deal substantial damage and stability impact. However, this comes with intense heat generation and bulkiness. PPCs also generate a mild EM field that degrades the firing capability of their target. 

 <b><color=#00ffff>Left Click on Chance to Hit during battle to toggle the Field Inhibitor.  (FIOFF) Has no minimum range penalty but can Misfire.</color> </b>",PPC,Weapon_PPC_PPC_1-Ceres_Arms,Ceres Arms,Particle Projector Cannon,PPC Ceres Arms,true,3,PPC Ceres Smasher,All,0,0,0,30,,false,8,3,720,90,0,PPC,,,,1,"[180,360,540]",1,1,0,7,PPC,WeaponEffect-Weapon_PPC,PPC,"[{""Description"":{""Details"":""EM Interference reduces sensor efficiency."",""Icon"":""uixSvgIcon_status_sensorsImpaired"",""Id"":""AbilityDefPPC"",""Name"":""SENSORS IMPAIRED""},""durationData"":{""clearedWhenAttacked"":false,""duration"":2,""stackLimit"":-1,""ticksOnActivations"":true,""ticksOnEndOfRound"":false,""ticksOnMovements"":false,""useActivationsOfTarget"":true},""effectType"":""StatisticEffect"",""nature"":""Debuff"",""statisticData"":{""modType"":""System.Int32"",""modValue"":""1"",""operation"":""Int_Add"",""statName"":""LV_ECM_JAMMED""},""targetingData"":{""effectTargetType"":""NotSet"",""effectTriggerType"":""OnHit"",""extendDurationOnTrigger"":0,""forcePathRebuild"":false,""forceVisRebuild"":false,""range"":0,""showInStatusPanel"":true,""showInTargetPreview"":false,""specialRules"":""NotSet"",""triggerLimit"":0}}]",,,,,,,,,"[{""AIHitChanceCap"":0.1,""Id"":""FION"",""UIName"":""FION"",""isBaseMode"":true},{""AIHitChanceCap"":0.99,""AccuracyModifier"":0,""DistantVariance"":0.5,""DistantVarianceReversed"":false,""FlatJammingChance"":0.5,""GunneryJammingBase"":5,""GunneryJammingMult"":0.075,""Id"":""FIOFF"",""MinRange"":-90,""UIName"":""FIOFF"",""isBaseMode"":false,""isDamageVariation"":true,""isStabilityVariation"":true}]",8,,,,,,,,,,,,,,,,,,,,,,
true,0.2,0.113,58.5,0,,,,,All,NotSet,3,176,,,,Energy,,,Weapon,"[""OmniRestriction.{location}"",""component_type_variant"",""component_type_variant1"",""range_very-long""]",,Weapon,1,false,"{""Bonuses"":[""DonalPPC"",""PPCDEBUFF: 2"",""AreaOfEffect: 60"",""WpnRecoil: 2"",""MineClearanceBoom: 1"",""ModesCanMisfire""]}","[{""CategoryID"":""w/e/p/ppc""}]",,,"{""SortKey"":""02011""}",45,0,200000,"Particle Projector Cannons ''PPCs'' fire streams of energized lightning at their target that deal substantial damage and stability impact. However, this comes with intense heat generation and bulkiness. PPCs also generate a mild EM field that degrades the firing capability of their target. 

 <b><color=#00ffff>Left Click on Chance to Hit during battle to toggle the Field Inhibitor.  (FIOFF) Has no minimum range penalty but can Misfire.</color> </b>",PPC,Weapon_PPC_PPC_1-Donal,Donal,Particle Projector Cannon,PPC Donal,true,3,PPC Donal,All,0,0,0,35,,false,13.75,3,720,90,0,PPC,,,,1,"[180,360,540]",0,1,0,7,PPC,WeaponEffect-Weapon_PPC,PPC,"[{""Description"":{""Details"":""EM Interference reduces sensor efficiency."",""Icon"":""uixSvgIcon_status_sensorsImpaired"",""Id"":""AbilityDefPPC"",""Name"":""SENSORS IMPAIRED""},""durationData"":{""clearedWhenAttacked"":false,""duration"":2,""stackLimit"":-1,""ticksOnActivations"":true,""ticksOnEndOfRound"":false,""ticksOnMovements"":false,""useActivationsOfTarget"":true},""effectType"":""StatisticEffect"",""nature"":""Debuff"",""statisticData"":{""modType"":""System.Int32"",""modValue"":""2"",""operation"":""Int_Add"",""statName"":""LV_ECM_JAMMED""},""targetingData"":{""effectTargetType"":""NotSet"",""effectTriggerType"":""OnHit"",""extendDurationOnTrigger"":0,""forcePathRebuild"":false,""forceVisRebuild"":false,""range"":0,""showInStatusPanel"":true,""showInTargetPreview"":false,""specialRules"":""NotSet"",""triggerLimit"":0}}]",,,,0.2,,,2,60,"[{""AIHitChanceCap"":0.1,""Id"":""FION"",""UIName"":""FION"",""isBaseMode"":true},{""AIHitChanceCap"":0.99,""AccuracyModifier"":1,""DamageOnJamming"":true,""FlatJammingChance"":0.5,""GunneryJammingBase"":5,""GunneryJammingMult"":0.075,""Id"":""FIOFF"",""MinRange"":-90,""UIName"":""FIOFF"",""isBaseMode"":false}]",8,,,,,,,,,,,,,,,,,,,,,,
false,0.2,0.125,65,0,,,,,All,NotSet,3,176,,,,Energy,,,Weapon,"[""OmniRestriction.{location}"",""component_type_variant"",""component_type_variant1"",""range_very-long""]",,Weapon,1,false,"{""Bonuses"":[""TiegartPPC"",""PPCDEBUFF: 1"",""WpnRecoil: 1"",""MineClearanceBoom: 1"",""ModesCanMisfire""]}","[{""CategoryID"":""w/e/p/ppc""}]",,,"{""SortKey"":""02011""}",50,0,200000,"Particle Projector Cannons ''PPCs'' fire streams of energized lightning at their target that deal substantial damage and stability impact. However, this comes with intense heat generation and bulkiness. PPCs also generate a mild EM field that degrades the firing capability of their target. 

 <b><color=#00ffff>Left Click on Chance to Hit during battle to toggle the Field Inhibitor.  (FIOFF) Has no minimum range penalty but can Misfire.</color> </b>",PPC,Weapon_PPC_PPC_1-Tiegart,Tiegart,Particle Projector Cannon,PPC Tiegart,true,3,PPC Tiegart,All,0,0,0,33,,false,11,2,720,90,0,PPC,,,,1,"[180,360,540]",1,1,0,7,PPC,WeaponEffect-Weapon_PPC,PPC,"[{""Description"":{""Details"":""EM Interference reduces sensor efficiency."",""Icon"":""uixSvgIcon_status_sensorsImpaired"",""Id"":""AbilityDefPPC"",""Name"":""SENSORS IMPAIRED""},""durationData"":{""clearedWhenAttacked"":false,""duration"":2,""stackLimit"":-1,""ticksOnActivations"":true,""ticksOnEndOfRound"":false,""ticksOnMovements"":false,""useActivationsOfTarget"":true},""effectType"":""StatisticEffect"",""nature"":""Debuff"",""statisticData"":{""modType"":""System.Int32"",""modValue"":""1"",""operation"":""Int_Add"",""statName"":""LV_ECM_JAMMED""},""targetingData"":{""effectTargetType"":""NotSet"",""effectTriggerType"":""OnHit"",""extendDurationOnTrigger"":0,""forcePathRebuild"":false,""forceVisRebuild"":false,""range"":0,""showInStatusPanel"":true,""showInTargetPreview"":false,""specialRules"":""NotSet"",""triggerLimit"":0}}]",,,,,,,,,"[{""AIHitChanceCap"":0.1,""Id"":""FION"",""UIName"":""FION"",""isBaseMode"":true},{""AIHitChanceCap"":0.99,""AccuracyModifier"":1,""DamageOnJamming"":true,""FlatJammingChance"":0.5,""GunneryJammingBase"":5,""GunneryJammingMult"":0.075,""Id"":""FIOFF"",""MinRange"":-90,""UIName"":""FIOFF"",""isBaseMode"":false}]",8,,,,,,,,,,,,,,,,,,,,,,
false,0.2,0.113,58.5,0,,,,,All,NotSet,3,176,,,,Energy,,,Weapon,"[""OmniRestriction.{location}"",""component_type_variant"",""component_type_variant3"",""range_very-long""]",,Weapon,1.1,false,"{""Bonuses"":[""DefiancePPC"",""PPCDEBUFF: 2"",""WpnRecoil: 1"",""MineClearanceBoom: 1"",""ModesCanMisfire""]}","[{""CategoryID"":""w/e/p/ppc""}]",,,"{""SortKey"":""02011""}",50,0,200000,"Particle Projector Cannons ''PPCs'' fire streams of energized lightning at their target that deal substantial damage and stability impact. However, this comes with intense heat generation and bulkiness. PPCs also generate a mild EM field that degrades the firing capability of their target. 

 <b><color=#00ffff>Left Click on Chance to Hit during battle to toggle the Field Inhibitor.  (FIOFF) Has no minimum range penalty but can Misfire.</color> </b>",PPC,Weapon_PPC_PPC_3-Defiance,Defiance,Particle Projector Cannon,PPC Defiance,true,5,PPC Defiance,All,0,0,0,30,,false,11,3,840,180,0,PPC,,,,1,"[210,420,630]",1,1,0,7,PPC,WeaponEffect-Weapon_PPC,PPC,"[{""Description"":{""Details"":""EM Interference reduces sensor efficiency."",""Icon"":""uixSvgIcon_status_sensorsImpaired"",""Id"":""AbilityDefPPC"",""Name"":""SENSORS IMPAIRED""},""durationData"":{""clearedWhenAttacked"":false,""duration"":2,""stackLimit"":-1,""ticksOnActivations"":true,""ticksOnEndOfRound"":false,""ticksOnMovements"":false,""useActivationsOfTarget"":true},""effectType"":""StatisticEffect"",""nature"":""Debuff"",""statisticData"":{""modType"":""System.Int32"",""modValue"":""2"",""operation"":""Int_Add"",""statName"":""LV_ECM_JAMMED""},""targetingData"":{""effectTargetType"":""NotSet"",""effectTriggerType"":""OnHit"",""extendDurationOnTrigger"":0,""forcePathRebuild"":false,""forceVisRebuild"":false,""range"":0,""showInStatusPanel"":true,""showInTargetPreview"":false,""specialRules"":""NotSet"",""triggerLimit"":0}}]",,,,,,,,,"[{""AIHitChanceCap"":0.1,""Id"":""FION"",""UIName"":""FION"",""isBaseMode"":true},{""AIHitChanceCap"":0.99,""AccuracyModifier"":1,""DamageOnJamming"":true,""FlatJammingChance"":0.5,""GunneryJammingBase"":5,""GunneryJammingMult"":0.075,""Id"":""FIOFF"",""MinRange"":-180,""UIName"":""FIOFF"",""isBaseMode"":false}]",8,,,,,,,,,,,,,,,,,0.2,5,0.0375,,,
false,0.2,0.1375,71,0,,,,,All,NotSet,3,229,+10 Damage,Improved Ranges,,Energy,,,Weapon,"[""OmniRestriction.{location}"",""component_type_variant"",""component_type_variant3"",""component_type_lostech"",""range_extreme""]",,Weapon,1,false,"{""Bonuses"":[""PPCDEBUFF: 1"",""WpnRecoil: 1"",""LosTech"",""MineClearanceBoom: 1""]}","[{""CategoryID"":""w/e/p/erppc""}]",,,"{""SortKey"":""02015""}",55,0,930000,"An improvement upon standard PPCs, Extended-Range PPCs greatly extend their effective range at the cost of incredible heat generation. ER PPCs also generate a mild EM field that degrades the firing capability of their target.",PPC,Weapon_PPC_PPCER_0-STOCK,Kong Interstellar,Extended-Range PPC,ER PPC,false,5,ER PPC,All,0,0,0,45,,false,11,3,840,0,0,PPC,,,,1,"[210,420,690]",1,1,0,7,PPC,WeaponEffect-Weapon_PPC,PPC,"[{""Description"":{""Details"":""EM Interference reduces sensor efficiency."",""Icon"":""uixSvgIcon_status_sensorsImpaired"",""Id"":""AbilityDefPPC"",""Name"":""SENSORS IMPAIRED""},""durationData"":{""clearedWhenAttacked"":false,""duration"":2,""stackLimit"":-1,""ticksOnActivations"":true,""ticksOnEndOfRound"":false,""ticksOnMovements"":false,""useActivationsOfTarget"":true},""effectType"":""StatisticEffect"",""nature"":""Debuff"",""statisticData"":{""modType"":""System.Int32"",""modValue"":""1"",""operation"":""Int_Add"",""statName"":""LV_ECM_JAMMED""},""targetingData"":{""effectTargetType"":""NotSet"",""effectTriggerType"":""OnHit"",""extendDurationOnTrigger"":0,""forcePathRebuild"":false,""forceVisRebuild"":false,""range"":0,""showInStatusPanel"":true,""showInTargetPreview"":false,""specialRules"":""NotSet"",""triggerLimit"":0}}]",,,,,,,,,,8,,,,,,,,,,,,,,,,,,,,,,
false,0.2,0.1375,71,0,,,,,All,NotSet,3,229,,,,Energy,,,Weapon,"[""OmniRestriction.{location}"",""component_type_stock"",""component_type_lostech"",""range_extreme""]",,Weapon,1,false,"{""Bonuses"":[""MagnaPPC"",""PPCDEBUFF: 1"",""WpnRecoil: 2"",""LosTech"",""MineClearanceBoom: 1""]}","[{""CategoryID"":""w/e/p/erppc""}]",,,"{""SortKey"":""02015""}",55,0,1110000,"An improvement upon standard PPCs, Extended-Range PPCs greatly extend their effective range at the cost of incredible heat generation. ER PPCs also generate a mild EM field that degrades the firing capability of their target.",PPC,Weapon_PPC_PPCER_1-MagnaFirestar,Magna,Extended-Range PPC,ER PPC Magna,false,10,ER PPC Magna,All,0,0,0,45,,false,11,3,840,0,0,PPC,,,,1,"[210,420,690]",2,1,0,6,PPC,WeaponEffect-Weapon_PPC,PPC,"[{""Description"":{""Details"":""EM Interference reduces sensor efficiency."",""Icon"":""uixSvgIcon_status_sensorsImpaired"",""Id"":""AbilityDefPPC"",""Name"":""SENSORS IMPAIRED""},""durationData"":{""clearedWhenAttacked"":false,""duration"":2,""stackLimit"":-1,""ticksOnActivations"":true,""ticksOnEndOfRound"":false,""ticksOnMovements"":false,""useActivationsOfTarget"":true},""effectType"":""StatisticEffect"",""nature"":""Debuff"",""statisticData"":{""modType"":""System.Int32"",""modValue"":""1"",""operation"":""Int_Add"",""statName"":""LV_ECM_JAMMED""},""targetingData"":{""effectTargetType"":""NotSet"",""effectTriggerType"":""OnHit"",""extendDurationOnTrigger"":0,""forcePathRebuild"":false,""forceVisRebuild"":false,""range"":0,""showInStatusPanel"":true,""showInTargetPreview"":false,""specialRules"":""NotSet"",""triggerLimit"":0}}]",,,,,,,,,,8,,,,,,,,,,,,,,,,,,,,,,
false,0.2,0.1375,71,0,,,,,All,NotSet,3,229,,,,Energy,,,Weapon,"[""OmniRestriction.{location}"",""component_type_stock"",""component_type_lostech"",""range_extreme""]",,Weapon,1,false,"{""Bonuses"":[""TiegartPPC"",""PPCDEBUFF: 1"",""WpnRecoil: 2"",""LosTech"",""MineClearanceBoom: 1""]}","[{""CategoryID"":""w/e/p/erppc""}]",,,"{""SortKey"":""02015""}",55,0,1110000,"An improvement upon standard PPCs, Extended-Range PPCs greatly extend their effective range at the cost of incredible heat generation. ER PPCs also generate a mild EM field that degrades the firing capability of their target.",PPC,Weapon_PPC_PPCER_2-TiegartMagnum,Tiegart,Extended-Range PPC,ER PPC Tiegart,false,10,ER PPC Tiegart,All,0,0,0,50,,false,11,2,840,0,0,PPC,,,,1,"[210,420,690]",2,1,0,7,PPC,WeaponEffect-Weapon_PPC,PPC,"[{""Description"":{""Details"":""EM Interference reduces sensor efficiency."",""Icon"":""uixSvgIcon_status_sensorsImpaired"",""Id"":""AbilityDefPPC"",""Name"":""SENSORS IMPAIRED""},""durationData"":{""clearedWhenAttacked"":false,""duration"":2,""stackLimit"":-1,""ticksOnActivations"":true,""ticksOnEndOfRound"":false,""ticksOnMovements"":false,""useActivationsOfTarget"":true},""effectType"":""StatisticEffect"",""nature"":""Debuff"",""statisticData"":{""modType"":""System.Int32"",""modValue"":""1"",""operation"":""Int_Add"",""statName"":""LV_ECM_JAMMED""},""targetingData"":{""effectTargetType"":""NotSet"",""effectTriggerType"":""OnHit"",""extendDurationOnTrigger"":0,""forcePathRebuild"":false,""forceVisRebuild"":false,""range"":0,""showInStatusPanel"":true,""showInTargetPreview"":false,""specialRules"":""NotSet"",""triggerLimit"":0}}]",,,,,,,,,,8,,,,,,,,,,,,,,,,,,,,,,
false,0.2,0.2,104,0,,,,,All,NotSet,3,317,,,,Energy,,,Weapon,"[""OmniRestriction.{location}"",""component_type_stock"",""range_very-long""]",,Weapon,1,false,"{""Bonuses"":[""PPCDEBUFF: 2"",""WpnRecoil: 3"",""MineClearanceBoom: 2"",""ModesCanMisfire""]}","[{""CategoryID"":""w/e/p/hppc""}]",,,"{""SortKey"":""02014""}",75,0,780000,"Researched by the Draconis Combine, the Heavy PPC is a larger, more potent version of the Particle Projector Cannon, capable of delivering a devastating blow to both the enemy and their sensors. 

 <b><color=#00ffff>Left Click on Chance to Hit during battle to toggle the Field Inhibitor.  (FIOFF) Has no minimum range penalty but can Misfire.</color> </b>",PPC,Weapon_PPC_PPC_HEAVY,Fusigon,Heavy Particle Projector Cannon,HPPC,true,6,Heavy PPC,All,0,0,0,45,,false,16,4,720,90,0,PPC,,,,1,"[180,360,540]",3,1,0,10,PPC,WeaponEffect-Weapon_PPC,PPC,"[{""Description"":{""Details"":""EM Interference reduces sensor efficiency."",""Icon"":""uixSvgIcon_status_sensorsImpaired"",""Id"":""AbilityDefPPC"",""Name"":""SENSORS IMPAIRED""},""durationData"":{""clearedWhenAttacked"":false,""duration"":2,""stackLimit"":-1,""ticksOnActivations"":true,""ticksOnEndOfRound"":false,""ticksOnMovements"":false,""useActivationsOfTarget"":true},""effectType"":""StatisticEffect"",""nature"":""Debuff"",""statisticData"":{""modType"":""System.Int32"",""modValue"":""2"",""operation"":""Int_Add"",""statName"":""LV_ECM_JAMMED""},""targetingData"":{""effectTargetType"":""NotSet"",""effectTriggerType"":""OnHit"",""extendDurationOnTrigger"":0,""forcePathRebuild"":false,""forceVisRebuild"":false,""range"":0,""showInStatusPanel"":true,""showInTargetPreview"":false,""specialRules"":""NotSet"",""triggerLimit"":0}}]",,,,,,,,,"[{""AIHitChanceCap"":0.99,""Id"":""FION"",""UIName"":""FION"",""isBaseMode"":true},{""AIHitChanceCap"":0.99,""AccuracyModifier"":1,""DamageOnJamming"":true,""FlatJammingChance"":0.5,""GunneryJammingBase"":5,""GunneryJammingMult"":0.075,""Id"":""FIOFF"",""MinRange"":-90,""UIName"":""FIOFF"",""isBaseMode"":false}]",15,,,0.225,,,,,false,,true,true,true,,,,,,,,,,
false,0.2,0.075,39,0,,,,,All,NotSet,3,88,1 Evasion Ignore,No Recoil,,Energy,,,Weapon,"[""OmniRestriction.{location}"",""component_type_stock"",""range_very-long""]",,Weapon,1,false,"{""Bonuses"":[""PipsIgnored: 1"",""WpnRecoil: 1"",""PPCDEBUFF: 1"",""MineClearanceBoom: 1"",""ModesCanMisfire""]}","[{""CategoryID"":""w/e/p/lppc""}]",,,"{""SortKey"":""02013""}",25,0,580000,"The Light PPC is a lighter version of the Particle Projector Cannon. Researched by the Draconis Combine, it does less damage and has shorter range than a PPC, but comes in at less than half the weight.",PPC,Weapon_PPC_PPC_LIGHT,Fusigon,Light Particle Projector Cannon,LPPC,true,3,Light PPC,All,0,1,0,15,,false,6,2,720,90,0,PPC,,,,1,"[180,360,540]",1,1,0,3,PPC,WeaponEffect-Weapon_PPC,PPC,"[{""Description"":{""Details"":""EM Interference reduces sensor efficiency."",""Icon"":""uixSvgIcon_status_sensorsImpaired"",""Id"":""AbilityDefPPC"",""Name"":""SENSORS IMPAIRED""},""durationData"":{""clearedWhenAttacked"":false,""duration"":2,""stackLimit"":-1,""ticksOnActivations"":true,""ticksOnEndOfRound"":false,""ticksOnMovements"":false,""useActivationsOfTarget"":true},""effectType"":""StatisticEffect"",""nature"":""Debuff"",""statisticData"":{""modType"":""System.Int32"",""modValue"":""1"",""operation"":""Int_Add"",""statName"":""LV_ECM_JAMMED""},""targetingData"":{""effectTargetType"":""NotSet"",""effectTriggerType"":""OnHit"",""extendDurationOnTrigger"":0,""forcePathRebuild"":false,""forceVisRebuild"":false,""range"":0,""showInStatusPanel"":true,""showInTargetPreview"":false,""specialRules"":""NotSet"",""triggerLimit"":0}}]",,,,,,,,,"[{""AIHitChanceCap"":0.99,""Id"":""FION"",""UIName"":""FION"",""isBaseMode"":true},{""AIHitChanceCap"":0.99,""AccuracyModifier"":1,""DamageOnJamming"":true,""FlatJammingChance"":0.5,""GunneryJammingBase"":5,""GunneryJammingMult"":0.075,""Id"":""FIOFF"",""MinRange"":-90,""UIName"":""FIOFF"",""isBaseMode"":false}]",8,,,0.0875,,,,,,,,,,,,,,,,,,,
false,0.2,0.15,78,0,,,,,All,NotSet,3,165,Damage Falloff,,,Energy,,,Weapon,"[""OmniRestriction.{location}"",""component_type_stock"",""range_long""]",,Weapon,1,false,"{""Bonuses"":[""PPCDEBUFF: 1"",""WpnRecoil: 2"",""DmgFallOff: 50%"",""MineClearanceBoom: 1""]}","[{""CategoryID"":""w/e/p/snppc""}]",,,"{""SortKey"":""02012""}",60,0,580000,"The Snub-Nose PPC is to a Particle Projector Cannon as a sawed-off shotgun is to a shotgun. This version of the PPC is slightly lighter than a standard PPC, but its energy discharge trails off considerably faster, leading to shorter range and reduced damage capacity over range. An interesting side benefit is the dramatically increased short range, longer than almost any other weapon.",PPC,Weapon_PPC_PPC_SNUBNOSE,Lord's Light,SN Particle Projector Cannon,Snub-Nose-PPC,true,3,SnubNose PPC,All,0,0,0,30,,false,7,2,780,0,0,PPC,,,,1,"[270,390,450]",2,1,0,6,PPC,WeaponEffect-Weapon_PPC,PPC,"[{""Description"":{""Details"":""EM Interference reduces sensor efficiency."",""Icon"":""uixSvgIcon_status_sensorsImpaired"",""Id"":""AbilityDefPPC"",""Name"":""SENSORS IMPAIRED""},""durationData"":{""clearedWhenAttacked"":false,""duration"":2,""stackLimit"":-1,""ticksOnActivations"":true,""ticksOnEndOfRound"":false,""ticksOnMovements"":false,""useActivationsOfTarget"":true},""effectType"":""StatisticEffect"",""nature"":""Debuff"",""statisticData"":{""modType"":""System.Int32"",""modValue"":""1"",""operation"":""Int_Add"",""statName"":""LV_ECM_JAMMED""},""targetingData"":{""effectTargetType"":""NotSet"",""effectTriggerType"":""OnHit"",""extendDurationOnTrigger"":0,""forcePathRebuild"":false,""forceVisRebuild"":false,""range"":0,""showInStatusPanel"":true,""showInTargetPreview"":false,""specialRules"":""NotSet"",""triggerLimit"":0}}]",,,,,,,,,,8,,,0.175,,,,0.5,false,,true,true,true,,,,,,,,,,
false,0.2,0.075,39,0,,,,,CenterTorso,NotSet,3,0,1 Evasion Ignore,No Recoil,,,,,Weapon,"[""component_type_stock"",""range_long"",""HandHeld""]",,Weapon,1,false,"{""Bonuses"":[""HandHeld: 6.5"",""WpnRecoil: 1"",""PPCDEBUFF: 1"",""HandHeldArmored"",""MineClearanceBoom: 1""]}","[{""CategoryID"":""HandHeld""},{""CategoryID"":""w/s/h/HandHeld""}]",,"{""flags"":[""not_broken"",""not_destroyed"",""ignore_damage""]}","{""SortKey"":""02013""}",30,0,580000,"The Light PPC is a lighter version of the Particle Projector Cannon. Researched by the Draconis Combine, it does less damage and has shorter range than a PPC, but comes in at less than half the weight.",PPC,Hand_Weapon_PPC_LIGHT,Fusigon,Light Particle Projector Cannon,LPPC,true,3,HandHeld Light PPC,All,0,1,0,0,,false,6,1,430,90,0,PPC,,,,1,"[123,246,370]",1,1,0,0,PPC,WeaponEffect-Weapon_PPC,PPC,"[{""Description"":{""Details"":""EM Interference reduces sensor efficiency."",""Icon"":""uixSvgIcon_status_sensorsImpaired"",""Id"":""AbilityDefPPC"",""Name"":""SENSORS IMPAIRED""},""durationData"":{""clearedWhenAttacked"":false,""duration"":2,""stackLimit"":-1,""ticksOnActivations"":true,""ticksOnEndOfRound"":false,""ticksOnMovements"":false,""useActivationsOfTarget"":true},""effectType"":""StatisticEffect"",""nature"":""Debuff"",""statisticData"":{""modType"":""System.Int32"",""modValue"":""1"",""operation"":""Int_Add"",""statName"":""LV_ECM_JAMMED""},""targetingData"":{""effectTargetType"":""NotSet"",""effectTriggerType"":""OnHit"",""extendDurationOnTrigger"":0,""forcePathRebuild"":false,""forceVisRebuild"":false,""range"":0,""showInStatusPanel"":true,""showInTargetPreview"":false,""specialRules"":""NotSet"",""triggerLimit"":0}}]",Special,,,,,,,,"[{""AIHitChanceCap"":0.99,""Id"":""FION"",""UIName"":""FION"",""isBaseMode"":true},{""AIHitChanceCap"":0.99,""AccuracyModifier"":1,""DamageOnJamming"":true,""FlatJammingChance"":0.5,""GunneryJammingBase"":5,""GunneryJammingMult"":0.075,""Id"":""FIOFF"",""MinRange"":-90,""UIName"":""FIOFF"",""isBaseMode"":false}]",8,,,0.0875,,,,,,,,,,,{},,,,,,,,"{""HandsUsed"":true,""Tonnage"":6.5}"
